bio_id,speaker_name,chamber,state,gender,total_words,total_keywords,total_god_mentions,total_biblical_references
L000397,Ms. LOFGREN,House,CA,F,744274,72,28,0
W000804,Mr. WITTMAN,House,VA,M,252131,155,122,3
S001201,Mr. SUOZZI,House,NY,M,56642,16,8,0
S001199,Mr. SMUCKER,House,PA,M,65489,2,1,1
U000031,Mr. UPTON,House,MI,M,380221,44,33,0
D000610,Mr. DEUTCH,House,FL,M,178958,4,3,0
S001190,Mr. SCHNEIDER,House,IL,M,132813,10,6,0
W000795,Mr. WILSON of South Carolina,House,SC,M,816663,1812,1714,2
H001073,Mr. HURD of Texas,House,TX,M,40545,6,6,0
B001284,Mrs. BROOKS of Indiana,House,IN,F,181734,23,10,1
H000324,Mr. HASTINGS,House,FL,M,1232128,126,67,2
C001053,Mr. COLE,House,OK,M,551932,20,15,0
M000312,Mr. McGOVERN,House,MA,M,2469948,243,175,1
K000381,Mr. KILMER,House,WA,M,113624,17,9,0
S001168,Mr. SARBANES,House,MD,M,185107,4,1,0
L000563,Mr. LIPINSKI,House,IL,M,245504,36,18,0
T000467,Mr. THOMPSON of Pennsylvania,House,PA,M,628483,136,106,2
J000294,Mr. JEFFRIES,House,NY,M,191680,24,26,0
B001282,Mr. BARR,House,KY,M,230561,77,67,1
M000355,Mr. McCONNELL,Senate,KY,M,4606247,260,178,4
H001046,Mr. HEINRICH,Senate,NM,M,180200,6,1,0
S000148,Mr. SCHUMER,Senate,NY,M,3007286,503,481,4
G000386,Mr. GRASSLEY,Senate,IA,M,4971414,205,156,2
M001188,Ms. MENG,House,NY,F,75032,0,0,1
L000579,Mr. LOWENTHAL,House,CA,M,111853,3,3,0
V000108,Mr. VISCLOSKY,House,IN,M,786562,174,91,1
L000559,Mr. LANGEVIN,House,RI,M,496941,15,16,0
B001286,Mrs. BUSTOS,House,IL,F,137585,7,3,0
A000055,Mr. ADERHOLT,House,AL,M,221885,211,123,10
C001059,Mr. COSTA,House,CA,M,597779,85,69,0
L000589,Mrs. LESKO,House,AZ,F,86795,8,6,0
H001068,Mr. HUFFMAN,House,CA,M,229961,2,1,0
B001292,Mr. BEYER,House,VA,M,122590,20,8,0
B001299,Mr. BANKS,House,IN,M,61073,51,30,0
B000490,Mr. BISHOP of Georgia,House,GA,M,601893,1021,597,25
L000287,Mr. LEWIS,House,GA,M,329946,110,78,11
M000087,Mrs. CAROLYN B. MALONEY of New York,House,NY,F,1690541,76,39,0
J000126,Ms. JOHNSON of Texas,House,TX,F,947818,120,75,1
W000813,Mrs. WALORSKI,House,IN,F,109526,29,12,0
J000255,Mr. JONES,House,NC,M,602818,1751,1558,3
R000575,Mr. ROGERS of Alabama,House,AL,M,260956,118,91,1
N000015,Mr. NEAL,House,MA,M,519515,49,23,0
N000189,Mr. NEWHOUSE,House,WA,M,196912,8,7,0
N000147,Ms. NORTON,House,DC,F,1683441,115,83,1
O000173,Ms. OMAR,House,MN,F,32806,1,1,0
M001201,Mr. MITCHELL,House,MI,M,65985,16,10,0
C001069,Mr. COURTNEY,House,CT,M,500031,19,16,0
M001200,Mr. McEACHIN,House,VA,M,47666,14,3,0
C001114,Mr. CURTIS,House,UT,M,33469,7,5,0
M001208,Mrs. McBATH,House,GA,F,45490,23,27,0
M001198,Mr. MARSHALL,House,KS,M,174630,23,30,0
P000617,Ms. PRESSLEY,House,MA,F,43494,5,6,0
G000582,Miss GONZALEZ-COLON of Puerto Rico,House,PR,F,71480,6,6,0
P000034,Mr. PALLONE,House,NJ,M,2534503,82,41,0
B001248,Mr. BURGESS,House,TX,M,1536219,108,48,0
D000624,Mrs. DINGELL,House,MI,F,282296,45,27,1
G000558,Mr. GUTHRIE,House,KY,M,148024,19,8,0
W000824,Mr. WATKINS,House,KS,M,6271,9,9,0
L000566,Mr. LATTA,House,OH,M,211990,7,4,0
E000215,Ms. ESHOO,House,CA,F,680842,132,91,1
J000032,Ms. JACKSON LEE,House,TX,F,8637875,1065,770,39
T000193,Mr. THOMPSON of Mississippi,House,MS,M,984642,791,470,19
R000588,Mr. RICHMOND,House,LA,M,126409,36,14,0
S000364,Mr. SHIMKUS,House,IL,M,610532,289,220,5
T000469,Mr. TONKO,House,NY,M,485751,13,12,1
V000081,Ms. VELAZQUEZ,House,NY,F,413179,18,7,0
C000266,Mr. CHABOT,House,OH,M,453357,57,51,1
C001108,Mr. COMER,House,KY,M,115091,10,9,0
K000368,Mrs. KIRKPATRICK,House,AZ,F,46838,0,0,0
P000601,Mr. PALAZZO,House,MS,M,91558,62,48,0
B001285,Ms. BROWNLEY of California,House,CA,F,86200,1,2,0
K000009,Ms. KAPTUR,House,OH,F,2008808,475,314,13
O000168,Mr. OLSON,House,TX,M,323908,126,92,3
F000465,Mr. FERGUSON,House,GA,M,35533,10,8,0
G000552,Mr. GOHMERT,House,TX,M,2756155,3027,1942,74
M001204,Mr. MEUSER,House,PA,M,60805,7,7,0
C001103,Mr. CARTER of Georgia,House,GA,M,341970,105,59,1
Y000062,Mr. YARMUTH,House,KY,M,265931,10,8,0
C001056,Mr. CORNYN,Senate,TX,M,3546990,117,99,1
R000595,Mr. RUBIO,Senate,FL,M,790715,106,106,0
U000039,Mr. UDALL,Senate,NM,M,887818,21,16,1
L000174,Mr. LEAHY,Senate,VT,M,6866819,169,125,0
G000359,Mr. GRAHAM,Senate,SC,M,944653,194,187,0
G000562,Mr. GARDNER,Senate,CO,M,381015,37,25,0
V000128,Mr. VAN HOLLEN,Senate,MD,M,1150851,34,39,2
C000141,Mr. CARDIN,Senate,MD,M,2534850,79,67,1
W000805,Mr. WARNER,Senate,VA,M,362844,11,5,0
K000384,Mr. KAINE,Senate,VA,M,668947,73,37,1
R000584,Mr. RISCH,Senate,ID,M,213853,13,9,0
C001075,Mr. CASSIDY,Senate,LA,M,287074,55,36,1
K000393,Mr. KENNEDY,Senate,LA,M,230599,84,74,0
S001181,Mrs. SHAHEEN,Senate,NH,F,617505,9,6,0
D000563,Mr. DURBIN,Senate,IL,M,8469459,654,517,3
S000770,Ms. STABENOW,Senate,MI,F,1615145,70,62,1
M000133,Mr. MARKEY,Senate,MA,M,1282992,79,64,0
H001076,Ms. HASSAN,Senate,NH,F,127575,2,3,0
K000367,Ms. KLOBUCHAR,Senate,MN,F,1059614,20,14,0
B001267,Mr. BENNET,Senate,CO,M,567281,16,16,2
J000300,Mr. JONES,Senate,AL,M,105835,25,21,0
F000062,Mrs. FEINSTEIN,Senate,CA,F,4342054,90,59,0
C001035,Ms. COLLINS,Senate,ME,F,2180082,32,23,0
B001277,Mr. BLUMENTHAL,Senate,CT,M,786458,10,3,0
R000122,Mr. REED,Senate,RI,M,2494502,19,13,1
R000605,Mr. ROUNDS,Senate,SD,M,94130,15,6,0
M001176,Mr. MERKLEY,Senate,OR,M,1242962,19,6,0
C001070,Mr. CASEY,Senate,PA,M,1113031,78,76,1
W000815,Mr. WENSTRUP,House,OH,M,83745,37,35,0
G000559,Mr. GARAMENDI,House,CA,M,1062439,50,44,0
H001067,Mr. HUDSON,House,NC,M,169579,41,55,1
S001148,Mr. SIMPSON,House,ID,M,325857,21,12,0
T000468,Ms. TITUS,House,NV,F,131594,4,4,0
R000599,Mr. RUIZ,House,CA,M,123195,18,9,1
S001204,Mr. SAN NICOLAS,House,GU,M,44184,4,1,0
S001183,Mr. SCHWEIKERT,House,AZ,M,644159,85,71,0
G000581,Mr. GONZALEZ of Texas,House,TX,M,38650,5,3,0
B001270,Ms. BASS,House,CA,F,105713,23,10,0
L000578,Mr. LaMALFA,House,CA,M,399454,165,138,4
R000607,Mr. ROONEY of Florida,House,FL,M,40452,6,5,0
K000210,Mr. KING of New York,House,NY,M,259469,31,24,0
F000462,Ms. FRANKEL,House,FL,F,103017,3,1,0
Z000017,Mr. ZELDIN,House,NY,M,129752,11,11,0
G000553,Mr. GREEN of Texas,House,TX,M,686987,348,272,7
D000615,Mr. DUNCAN,House,SC,M,132280,175,118,16
C001112,Mr. CARBAJAL,House,CA,M,55984,2,2,0
T000472,Mr. TAKANO,House,CA,M,313325,17,13,0
B001274,Mr. BROOKS of Alabama,House,AL,M,110341,33,15,0
L000583,Mr. LOUDERMILK,House,GA,M,84341,80,60,0
C001067,Ms. CLARKE of New York,House,NY,F,189554,29,20,0
F000466,Mr. FITZPATRICK,House,PA,M,137639,11,17,0
R000613,Mr. ROSE of New York,House,NY,M,24940,10,11,0
G000574,Mr. GALLEGO,House,AZ,M,81044,3,3,0
H001072,Mr. HILL of Arkansas,House,AR,M,274795,33,22,0
H001080,Ms. HAALAND,House,NM,F,26669,0,0,0
B001303,Ms. BLUNT ROCHESTER,House,DE,F,33065,2,1,0
G000584,Mr. GIANFORTE,House,MT,M,72498,3,8,0
P000597,Ms. PINGREE,House,ME,F,198698,3,1,0
H001038,Mr. HIGGINS of New York,House,NY,M,463026,66,84,0
B001287,Mr. BERA,House,CA,M,58936,4,4,0
U000040,Ms. UNDERWOOD,House,IL,F,37738,1,1,0
L000582,Mr. TED LIEU of California,House,CA,M,101190,15,7,0
W000825,Ms. WEXTON,House,VA,F,29856,1,1,0
S001206,Ms. SHALALA,House,FL,F,35710,3,0,0
L000592,Mr. LEVIN of Michigan,House,MI,M,73230,11,9,0
S001216,Ms. SCHRIER,House,WA,F,26593,0,0,0
S001205,Ms. SCANLON,House,PA,F,151911,7,5,0
P000593,Mr. PERLMUTTER,House,CO,M,606728,31,17,0
C001080,Ms. JUDY CHU of California,House,CA,F,184320,3,2,0
D000598,Mrs. DAVIS of California,House,CA,F,308617,9,6,0
Q000023,Mr. QUIGLEY,House,IL,M,278322,15,15,0
G000560,Mr. GRAVES of Georgia,House,GA,M,129442,13,12,0
L000480,Mrs. LOWEY,House,NY,F,624388,18,20,0
G000377,Ms. GRANGER,House,TX,F,215641,54,38,0
M001156,Mr. McHENRY,House,NC,M,286364,44,15,0
W000187,Ms. WATERS,House,CA,F,1114969,78,62,1
C001111,Mr. CRIST,House,FL,M,19987,19,17,1
G000586,Mr. GARCIA of Illinois,House,IL,M,43085,1,0,0
L000551,Ms. LEE of California,House,CA,F,1354744,239,161,2
C001078,Mr. CONNOLLY,House,VA,M,863189,223,64,0
S000185,Mr. SCOTT of Virginia,House,VA,M,996001,101,65,0
W000791,Mr. WALDEN,House,OR,M,614886,39,39,4
D000399,Mr. DOGGETT,House,TX,M,626694,20,29,0
R000582,Mr. DAVID P. ROE of Tennessee,House,TN,M,361759,39,31,0
N000002,Mr. NADLER,House,NY,M,1052965,155,112,2
A000375,Mr. ARRINGTON,House,TX,M,112902,255,236,3
A000376,Mr. ALLRED,House,TX,M,16282,10,1,0
N000181,Mr. NUNES,House,CA,M,143703,9,7,0
C000537,Mr. CLYBURN,House,SC,M,467971,153,152,7
M001160,Ms. MOORE,House,WI,F,387864,72,42,2
K000379,Mr. KENNEDY,House,MA,M,67388,5,6,1
W000826,Ms. WILD,House,PA,F,44536,0,0,0
B001309,Mr. BURCHETT,House,TN,M,72072,21,8,0
C001055,Mr. CASE,House,HI,M,184239,3,3,0
S001208,Ms. SLOTKIN,House,MI,F,100600,3,3,0
Y000065,Mr. YOHO,House,FL,M,169981,43,33,2
B001302,Mr. BIGGS,House,AZ,M,137765,14,19,2
G000576,Mr. GROTHMAN,House,WI,M,312984,43,37,0
J000288,Mr. JOHNSON of Georgia,House,GA,M,446327,442,299,0
F000449,Mr. FORTENBERRY,House,NE,M,233663,55,33,2
C001110,Mr. CORREA,House,CA,M,121639,19,20,0
M001153,Ms. MURKOWSKI,Senate,AK,F,1422550,76,74,1
E000295,Ms. ERNST,Senate,IA,F,213492,31,31,0
T000250,Mr. THUNE,Senate,SD,M,2147961,103,67,4
B001261,Mr. BARRASSO,Senate,WY,M,1350459,66,51,5
M001169,Mr. MURPHY,Senate,CT,M,1036454,48,37,0
B000575,Mr. BLUNT,Senate,MO,M,1029657,134,77,3
H001042,Ms. HIRONO,Senate,HI,F,502776,8,2,0
M001111,Mrs. MURRAY,Senate,WA,F,2287224,24,13,0
T000464,Mr. TESTER,Senate,MT,M,434784,26,28,0
F000463,Mrs. FISCHER,Senate,NE,F,246830,28,30,0
B000944,Mr. BROWN,Senate,OH,M,2020174,102,64,0
S001194,Mr. SCHATZ,Senate,HI,M,278183,7,6,0
B001236,Mr. BOOZMAN,Senate,AR,M,416802,79,48,2
M001190,Mr. MULLIN,House,OK,M,29868,10,1,0
D000617,Ms. DelBENE,House,WA,F,66287,0,0,0
M001137,Mr. MEEKS,House,NY,M,232306,70,48,1
D000191,Mr. DeFAZIO,House,OR,M,1186995,89,85,0
M001163,Ms. MATSUI,House,CA,F,411389,5,7,0
M001177,Mr. McCLINTOCK,House,CA,M,387423,39,41,0
B001304,Mr. BROWN of Maryland,House,MD,M,57760,5,6,0
B001278,Ms. BONAMICI,House,OR,F,219415,3,2,0
P000614,Mr. PAPPAS,House,NH,M,64795,0,0,0
D000096,Mr. DANNY K. DAVIS of Illinois,House,IL,M,1127514,253,134,12
S001180,Mr. SCHRADER,House,OR,M,80163,2,2,0
E000299,Ms. ESCOBAR,House,TX,F,31550,2,1,0
O000171,Mr. O'HALLERAN,House,AZ,M,41154,8,6,0
C001122,Mr. CUNNINGHAM,House,SC,M,24697,6,3,1
B001251,Mr. BUTTERFIELD,House,NC,M,278519,104,82,0
H001085,Ms. HOULAHAN,House,PA,F,32517,2,3,0
G000577,Mr. GRAVES of Louisiana,House,LA,M,150178,9,7,0
E000298,Mr. ESTES,House,KS,M,60201,24,12,1
D000619,Mr. RODNEY DAVIS of Illinois,House,IL,M,271110,34,41,1
H001066,Mr. HORSFORD,House,NV,M,115176,3,3,0
V000131,Mr. VEASEY,House,TX,M,151032,62,37,0
R000611,Mr. RIGGLEMAN,House,VA,M,16923,7,7,0
C001124,Mr. COX of California,House,CA,M,20607,0,1,0
B001305,Mr. BUDD,House,NC,M,73862,41,26,4
M001206,Mr. MORELLE,House,NY,M,86009,3,3,0
L000581,Mrs. LAWRENCE,House,MI,F,78984,28,21,0
G000571,Ms. GABBARD,House,HI,F,71940,10,6,0
D000216,Ms. DeLAURO,House,CT,F,1376898,133,98,1
K000380,Mr. KILDEE,House,MI,M,164482,12,10,0
W000797,Ms. WASSERMAN SCHULTZ,House,FL,F,621040,65,56,0
D000600,Mr. DIAZ-BALART,House,FL,M,282283,31,29,0
P000613,Mr. PANETTA,House,CA,M,118838,9,8,0
B001281,Mrs. BEATTY,House,OH,F,157012,11,11,0
P000523,Mr. PRICE of North Carolina,House,NC,M,463890,25,19,0
R000609,Mr. RUTHERFORD,House,FL,M,74458,23,23,0
C001101,Ms. CLARK of Massachusetts,House,MA,F,64033,1,1,0
S001207,Ms. SHERRILL,House,NJ,F,30850,4,4,0
H001083,Ms. KENDRA S. HORN of Oklahoma,House,OK,F,23909,5,6,0
H001087,Ms. HILL of California,House,CA,F,11177,0,0,0
E000179,Mr. ENGEL,House,NY,M,960971,84,67,0
M001157,Mr. McCAUL,House,TX,M,302101,89,72,7
C001091,Mr. CASTRO of Texas,House,TX,M,109968,19,10,0
S000522,Mr. SMITH of New Jersey,House,NJ,M,2028486,543,292,3
B001257,Mr. BILIRAKIS,House,FL,M,228333,49,42,0
R000614,Mr. ROY,House,TX,M,364821,130,88,1
E000297,Mr. ESPAILLAT,House,NY,M,108322,10,10,0
S001209,Ms. SPANBERGER,House,VA,F,53544,3,2,0
S001210,Mr. SPANO,House,FL,M,32840,31,22,0
D000631,Ms. DEAN,House,PA,F,57651,13,17,1
M001187,Mr. MEADOWS,House,NC,M,92152,12,8,0
G000587,Ms. GARCIA of Texas,House,TX,F,75949,16,17,1
H001053,Mrs. HARTZLER,House,MO,F,142710,107,72,9
J000299,Mr. JOHNSON of Louisiana,House,LA,M,117214,134,99,2
S001212,Mr. STAUBER,House,MN,M,48390,11,12,0
B001295,Mr. BOST,House,IL,M,121212,27,16,3
R000591,Mrs. ROBY,House,AL,F,109487,16,13,1
B001291,Mr. BABIN,House,TX,M,161417,191,118,7
R000603,Mr. ROUZER,House,NC,M,46632,46,29,2
N000191,Mr. NEGUSE,House,CO,M,78108,1,1,0
P000618,Ms. PORTER,House,CA,F,49584,0,0,0
T000481,Ms. TLAIB,House,MI,F,145889,55,29,0
L000593,Mr. LEVIN of California,House,CA,M,55037,2,1,0
C001113,Ms. CORTEZ MASTO,Senate,NV,F,149248,12,6,0
S001203,Ms. SMITH,Senate,MN,F,79951,1,0,0
L000575,Mr. LANKFORD,Senate,OK,M,714403,246,162,7
S001184,Mr. SCOTT of South Carolina,Senate,SC,M,132489,63,42,0
W000802,Mr. WHITEHOUSE,Senate,RI,M,1814654,273,238,0
W000779,Mr. WYDEN,Senate,OR,M,2605775,20,18,0
S001198,Mr. SULLIVAN,Senate,AK,M,731776,46,34,0
E000285,Mr. ENZI,Senate,WY,M,2147882,289,223,3
D000618,Mr. DAINES,Senate,MT,M,330349,47,38,1
G000590,Mr. GREEN of Tennessee,House,TN,M,42686,22,15,0
D000623,Mr. DeSAULNIER,House,CA,M,143691,4,1,0
L000569,Mr. LUETKEMEYER,House,MO,M,188164,24,15,0
L000585,Mr. LaHOOD,House,IL,M,91061,33,18,0
J000302,Mr. JOYCE of Pennsylvania,House,PA,M,113340,30,23,1
C001119,Mrs. CRAIG,House,MN,F,32191,0,0,0
M001143,Ms. McCOLLUM,House,MN,F,722554,45,22,0
C000059,Mr. CALVERT,House,CA,M,469732,51,44,0
H000874,Mr. HOYER,House,MD,M,2869180,350,405,1
J000295,Mr. JOYCE of Ohio,House,OH,M,30569,2,2,0
S001192,Mr. STEWART,House,UT,M,57099,12,10,0
W000821,Mr. WESTERMAN,House,AR,M,173172,55,26,4
G000551,Mr. GRIJALVA,House,AZ,M,383461,23,14,0
C000984,Mr. CUMMINGS,House,MD,M,676689,139,122,2
P000197,Ms. PELOSI,House,CA,F,1830867,535,440,11
R000606,Mr. RASKIN,House,MD,M,317653,17,11,0
W000809,Mr. WOMACK,House,AR,M,71064,17,14,0
C001121,Mr. CROW,House,CO,M,50823,5,3,1
W000812,Mrs. WAGNER,House,MO,F,119997,21,7,1
M001179,Mr. MARINO,House,PA,M,74171,1,1,0
S001176,Mr. SCALISE,House,unknown,M,474820,53,42,0
H001090,Mr. HARDER of California,House,CA,M,11860,1,1,0
D000628,Mr. DUNN,House,FL,M,42237,19,7,0
C001049,Mr. CLAY,House,MO,M,191268,38,30,0
F000468,Mrs. FLETCHER,House,TX,F,22172,0,0,0
E000296,Mr. EVANS,House,PA,M,73727,16,4,2
S001215,Ms. STEVENS,House,MI,F,99724,12,6,0
K000362,Mr. KING of Iowa,House,IA,M,3005588,705,610,2
K000383,Mr. KING,Senate,ME,M,347733,42,25,0
B001230,Ms. BALDWIN,Senate,WI,F,432483,14,9,0
S001196,Ms. STEFANIK,House,NY,F,140172,9,8,0
K000386,Mr. KATKO,House,NY,M,155112,10,8,0
S001185,Ms. SEWELL of Alabama,House,AL,F,290139,98,54,0
F000467,Ms. FINKENAUER,House,IA,F,9106,1,1,0
R000616,Mr. ROUDA,House,CA,M,25995,1,1,0
S001195,Mr. SMITH of Missouri,House,MO,M,126715,34,11,0
S001172,Mr. SMITH of Nebraska,House,NE,M,135822,7,6,0
W000822,Mrs. WATSON COLEMAN,House,NJ,F,115940,12,10,0
R000515,Mr. RUSH,House,IL,M,335469,239,128,12
F000450,Ms. FOXX of North Carolina,House,NC,F,1147828,305,232,7
M001205,Mrs. MILLER,House,WV,F,23515,11,8,0
A000372,Mr. ALLEN,House,GA,M,98403,176,124,16
W000798,Mr. WALBERG,House,MI,M,211884,258,183,20
N000190,Mr. NORMAN,House,SC,M,91361,104,73,0
R000577,Mr. RYAN,House,OH,M,811815,151,134,2
T000470,Mr. TIPTON,House,CO,M,153780,14,7,0
C001109,Ms. CHENEY,House,WY,F,89688,9,10,0
B001307,Mr. BAIRD,House,IN,M,19185,3,3,0
G000563,Mr. GIBBS,House,OH,M,83269,1,3,0
G000592,Mr. GOLDEN,House,ME,M,14622,0,0,0
W000800,Mr. WELCH,House,VT,M,320909,3,4,0
R000486,Ms. ROYBAL-ALLARD,House,CA,F,366809,25,24,0
M001185,Mr. SEAN PATRICK MALONEY of New York,House,NY,M,36836,1,1,0
T000482,Mrs. TRAHAN,House,MA,F,30422,5,3,0
B001296,Mr. BRENDAN F. BOYLE of Pennsylvania,House,PA,M,74502,7,6,0
G000583,Mr. GOTTHEIMER,House,NJ,M,53060,19,19,0
F000459,Mr. FLEISCHMANN,House,TN,M,48928,26,15,0
C001117,Mr. CASTEN of Illinois,House,IL,M,42611,1,0,0
C001118,Mr. CLINE,House,VA,M,65517,14,7,0
C001093,Mr. COLLINS of Georgia,House,GA,M,390806,57,46,1
C001068,Mr. COHEN,House,TN,M,538782,122,95,0
C001084,Mr. CICILLINE,House,RI,M,323150,14,17,0
R000610,Mr. RESCHENTHALER,House,PA,M,105576,17,13,0
D000627,Mrs. DEMINGS,House,FL,F,41985,12,13,2
J000298,Ms. JAYAPAL,House,WA,F,155363,12,6,0
S001193,Mr. SWALWELL of California,House,CA,M,173326,31,19,2
K000391,Mr. KRISHNAMOORTHI,House,IL,M,58802,18,7,0
P000258,Mr. PETERSON,House,MN,M,162719,1,1,0
B001301,Mr. BERGMAN,House,MI,M,115527,23,22,0
H001082,Mr. KEVIN HERN of Oklahoma,House,OK,M,46698,11,11,0
A000377,Mr. ARMSTRONG,House,ND,M,34081,1,1,0
P000605,Mr. PERRY,House,PA,M,253788,64,86,1
H001071,Mr. HICE of Georgia,House,GA,M,85075,101,72,1
J000289,Mr. JORDAN,House,OH,M,210880,51,27,1
G000568,Mr. GRIFFITH,House,VA,M,140817,40,30,0
C001115,Mr. CLOUD,House,TX,M,50426,71,54,1
D000626,Mr. DAVIDSON of Ohio,House,OH,M,67281,20,12,1
R000597,Mr. RICE of South Carolina,House,SC,M,49850,12,11,0
C000174,Mr. CARPER,Senate,DE,M,1467368,193,147,8
H001061,Mr. HOEVEN,Senate,ND,M,404527,15,15,0
C001096,Mr. CRAMER,Senate,ND,M,134976,47,36,1
I000024,Mr. INHOFE,Senate,OK,M,2690732,481,247,21
C000880,Mr. CRAPO,Senate,ID,M,674353,43,16,0
M000639,Mr. MENENDEZ,Senate,NJ,M,1854684,160,133,2
I000055,Mr. ISAKSON,Senate,GA,M,640021,136,116,1
B001135,Mr. BURR,Senate,NC,M,623315,59,41,0
C001090,Mr. CARTWRIGHT,House,PA,M,212331,20,7,0
H001058,Mr. HUIZENGA,House,MI,M,191132,33,23,0
C001066,Ms. CASTOR of Florida,House,FL,F,302278,24,21,1
S001187,Mr. STIVERS,House,OH,M,92018,4,5,0
K000392,Mr. KUSTOFF of Tennessee,House,TN,M,31292,1,1,0
K000382,Ms. KUSTER of New Hampshire,House,NH,F,172868,32,25,1
M001203,Mr. MALINOWSKI,House,NJ,M,43988,0,0,0
T000479,Mr. TAYLOR,House,TX,M,47728,8,6,0
W000816,Mr. WILLIAMS,House,TX,M,82541,248,245,0
L000570,Mr. LUJAN,House,NM,M,98754,13,9,0
V000133,Mr. VAN DREW,House,NJ,M,75240,439,434,0
L000590,Mrs. LEE of Nevada,House,NV,F,31571,1,1,0
T000460,Mr. THOMPSON of California,House,CA,M,594087,8,9,0
P000610,Ms. PLASKETT,House,VI,F,145621,20,13,0
S001189,Mr. AUSTIN SCOTT of Georgia,House,GA,M,75980,11,8,3
T000474,Mrs. TORRES of California,House,CA,F,118524,9,3,0
S001177,Mr. SABLAN,House,MP,M,177128,23,14,0
M001184,Mr. MASSIE,House,KY,M,70847,7,9,0
M001207,Ms. MUCARSEL-POWELL,House,FL,F,12496,0,0,0
D000630,Mr. DELGADO,House,NY,M,17254,2,2,0
S001213,Mr. STEIL,House,WI,M,25440,3,2,0
G000585,Mr. GOMEZ,House,CA,M,33425,6,6,0
M001209,Mr. McADAMS,House,UT,M,22005,2,2,0
O000172,Ms. OCASIO-CORTEZ,House,NY,F,31364,0,0,0
L000577,Mr. LEE,Senate,UT,M,866719,225,103,5
H001075,Ms. HARRIS,Senate,CA,F,49290,11,9,0
C001098,Mr. CRUZ,Senate,TX,M,618867,113,75,1
W000817,Ms. WARREN,Senate,MA,F,415611,12,10,1
C000127,Ms. CANTWELL,Senate,WA,F,1233180,34,32,0
W000437,Mr. WICKER,Senate,MS,M,475804,36,36,0
S001197,Mr. SASSE,Senate,NE,M,146979,43,35,1
A000360,Mr. ALEXANDER,Senate,TN,M,2142724,92,51,3
W000806,Mr. WEBSTER of Florida,House,FL,M,88290,17,15,0
B000755,Mr. BRADY,House,TX,M,526129,87,48,1
S001145,Ms. SCHAKOWSKY,House,IL,F,854526,61,36,2
K000375,Mr. KEATING,House,MA,M,175664,10,8,0
S000244,Mr. SENSENBRENNER,House,WI,M,725247,61,55,0
B000574,Mr. BLUMENAUER,House,OR,M,1508253,58,43,0
K000388,Mr. KELLY of Mississippi,House,MS,M,154756,105,73,3
G000578,Mr. GAETZ,House,FL,M,108471,11,15,0
P000607,Mr. POCAN,House,WI,M,168003,5,5,0
A000370,Ms. ADAMS,House,NC,F,96318,18,17,0
S001150,Mr. SCHIFF,House,CA,M,779312,75,44,0
H001047,Mr. HIMES,House,CT,M,113396,18,12,1
R000601,Mr. RATCLIFFE,House,TX,M,35185,5,6,0
C001097,Mr. CARDENAS,House,CA,M,85130,13,8,0
W000814,Mr. WEBER of Texas,House,TX,M,85528,80,37,0
H001052,Mr. HARRIS,House,MD,M,109058,26,24,0
F000469,Mr. FULCHER,House,ID,M,21177,15,9,0
W000823,Mr. WALTZ,House,FL,M,25888,2,2,0
Y000064,Mr. YOUNG,Senate,IN,M,175485,49,41,1
P000449,Mr. PORTMAN,Senate,OH,M,1720933,180,174,0
K000378,Mr. KINZINGER,House,IL,M,101875,29,20,0
L000565,Mr. LOEBSACK,House,IA,M,80261,0,0,0
P000096,Mr. PASCRELL,House,NJ,M,647962,143,119,0
G000589,Mr. GOODEN,House,TX,M,10853,5,1,0
M001202,Mrs. MURPHY,House,FL,F,46253,9,9,1
S001200,Mr. SOTO,House,FL,M,201920,56,27,0
H001088,Mr. HAGEDORN,House,MN,M,12619,0,1,0
K000385,Ms. KELLY of Illinois,House,IL,F,129285,39,10,0
W000810,Mr. WOODALL,House,GA,M,732065,59,16,0
S000248,Mr. SERRANO,House,NY,M,501494,79,63,0
R000395,Mr. ROGERS of Kentucky,House,KY,M,537394,84,60,4
E000294,Mr. EMMER,House,MN,M,112126,11,9,0
C001062,Mr. CONAWAY,House,TX,M,386245,206,154,3
G000565,Mr. GOSAR,House,AZ,M,286458,40,49,1
G000546,Mr. GRAVES of Missouri,House,MO,M,485846,113,92,0
G000579,Mr. GALLAGHER,House,WI,M,92232,6,5,0
C001092,Mr. COLLINS of New York,House,NY,M,24541,5,5,0
K000188,Mr. KIND,House,WI,M,611212,84,77,1
S001156,Ms. SANCHEZ,House,CA,F,196118,20,12,0
C001063,Mr. CUELLAR,House,TX,M,269060,44,17,0
L000564,Mr. LAMBORN,House,CO,M,260960,227,128,15
C001123,Mr. CISNEROS,House,CA,M,18430,8,6,0
A000371,Mr. AGUILAR,House,CA,M,42124,0,0,0
C001047,Mrs. CAPITO,Senate,WV,F,521891,43,34,0
S000320,Mr. SHELBY,Senate,AL,M,573421,60,49,0
J000293,Mr. JOHNSON,Senate,WI,M,170150,19,20,0
C001088,Mr. COONS,Senate,DE,M,509364,33,19,1
S001191,Ms. SINEMA,Senate,AZ,F,91160,4,0,0
M001183,Mr. MANCHIN,Senate,WV,M,508254,125,97,0
M001197,Ms. McSALLY,Senate,AZ,F,79578,19,16,0
S001217,Mr. SCOTT of Florida,Senate,FL,M,169488,16,17,0
R000608,Ms. ROSEN,Senate,NV,F,67519,3,3,0
P000612,Mr. PERDUE,Senate,GA,M,176998,18,21,1
S000033,Mr. SANDERS,Senate,VT,M,2095059,123,106,0
D000616,Mr. DesJARLAIS,House,TN,M,37702,5,4,1
C001072,Mr. CARSON of Indiana,House,IN,M,150697,38,15,0
V000130,Mr. VARGAS,House,CA,M,69126,129,61,4
L000562,Mr. LYNCH,House,MA,M,282717,18,20,0
B001289,Mr. BYRNE,House,AL,M,194167,31,18,2
Y000033,Mr. YOUNG,House,AK,M,723836,59,58,1
R000602,Miss RICE of New York,House,NY,F,35151,11,9,0
H001077,Mr. HIGGINS of Louisiana,House,LA,M,35757,38,17,3
B001298,Mr. BACON,House,NE,M,99129,54,41,3
M001195,Mr. MOONEY of West Virginia,House,WV,M,59346,10,14,0
L000586,Mr. LAWSON of Florida,House,FL,M,15745,5,4,0
W000819,Mr. WALKER,House,NC,M,59940,54,34,1
C001120,Mr. CRENSHAW,House,TX,M,22563,7,5,0
P000609,Mr. PALMER,House,AL,M,43705,23,9,1
V000132,Mr. VELA,House,TX,M,60051,11,2,0
L000591,Mrs. LURIA,House,VA,F,37747,12,10,0
B001297,Mr. BUCK,House,CO,M,117348,13,10,0
M001180,Mr. McKINLEY,House,WV,M,66710,10,7,0
J000301,Mr. JOHNSON of South Dakota,House,SD,M,117286,9,7,0
B001308,Mr. BRINDISI,House,NY,M,6148,0,0,0
T000483,Mr. TRONE,House,MD,M,25620,1,2,0
M001165,Mr. McCARTHY,House,CA,M,500109,53,44,0
B001275,Mr. BUCSHON,House,IN,M,68270,10,7,0
T000484,Ms. TORRES SMALL of New Mexico,House,NM,F,11522,0,0,0
S000510,Mr. SMITH of Washington,House,WA,M,419382,8,4,0
R000307,Mr. ROBERTS,Senate,KS,M,939317,77,39,0
C001061,Mr. CLEAVER,House,MO,M,299953,208,141,13
C001094,Mr. COOK,House,CA,M,43734,4,4,0
P000603,Mr. PAUL,Senate,KY,M,710321,40,26,0
H001089,Mr. HAWLEY,Senate,MO,M,102439,12,9,0
B001310,Mr. BRAUN,Senate,IN,M,75599,15,11,0
P000595,Mr. PETERS,Senate,MI,M,360297,69,30,0
S001157,Mr. DAVID SCOTT of Georgia,House,GA,M,307283,282,159,10
S001165,Mr. SIRES,House,NJ,M,101714,1,0,0
N000179,Mrs. NAPOLITANO,House,CA,F,217783,35,27,0
S001214,Mr. STEUBE,House,FL,M,20795,23,19,1
P000604,Mr. PAYNE,House,NJ,M,234406,24,15,0
M000934,Mr. MORAN,Senate,KS,M,726408,102,88,3
D000622,Ms. DUCKWORTH,Senate,IL,F,145869,13,12,0
P000599,Mr. POSEY,House,FL,M,126161,27,8,0
R000600,Mrs. RADEWAGEN,House,AS,F,28636,15,13,0
P000615,Mr. PENCE,House,IN,M,43486,32,33,0
F000461,Mr. FLORES,House,TX,M,152722,125,79,6
R000585,Mr. REED,House,NY,M,171076,15,16,0
L000588,Mr. LAMB,House,PA,M,19359,8,6,0
F000454,Mr. FOSTER,House,IL,M,112368,8,5,0
T000461,Mr. TOOMEY,Senate,PA,M,502060,20,18,0
H001048,Mr. HUNTER,House,CA,M,96933,14,9,0
L000491,Mr. LUCAS,House,OK,M,180585,8,7,0
N000188,Mr. NORCROSS,House,NJ,M,89244,9,8,0
C001051,Mr. CARTER of Texas,House,TX,M,577490,129,68,0
K000394,Mr. KIM,House,NJ,M,38518,0,0,0
K000389,Mr. KHANNA,House,CA,M,42977,1,0,0
T000238,Mr. THORNBERRY,House,TX,M,250521,13,12,0
H001056,Ms. HERRERA BEUTLER,House,WA,F,61622,1,0,1
J000292,Mr. JOHNSON of Ohio,House,OH,M,89545,34,27,1
M001159,Mrs. RODGERS of Washington,House,WA,F,70233,82,52,4
S000344,Mr. SHERMAN,House,CA,M,588716,56,43,0
B001288,Mr. BOOKER,Senate,NJ,M,387027,82,71,6
C000754,Mr. COOPER,House,TN,M,154675,24,17,0
P000616,Mr. PHILLIPS,House,MN,M,28233,1,0,0
P000608,Mr. PETERS,House,CA,M,76969,2,1,0
T000476,Mr. TILLIS,Senate,NC,M,221012,19,19,0
H001081,Mrs. HAYES,House,CT,F,19704,0,0,0
G000588,Mr. GONZALEZ of Ohio,House,OH,M,18526,2,2,0
L000576,Mr. LONG,House,MO,M,114493,52,40,0
B001306,Mr. BALDERSON,House,OH,M,18282,3,1,0
M001196,Mr. MOULTON,House,MA,M,31254,1,1,0
C001087,Mr. CRAWFORD,House,AR,M,81819,33,18,0
B001250,Mr. BISHOP of Utah,House,UT,M,639862,25,16,0
D000482,Mr. MICHAEL F. DOYLE of Pennsylvania,House,PA,M,235085,132,68,13
D000629,Ms. DAVIDS of Kansas,House,KS,F,22539,0,0,0
W000808,Ms. WILSON of Florida,House,FL,F,124280,61,39,0
C001095,Mr. COTTON,Senate,AR,M,286375,69,48,2
M001158,Mr. MARCHANT,House,TX,M,179149,50,22,1
F000455,Ms. FUDGE,House,OH,F,161518,11,8,2
S001175,Ms. SPEIER,House,CA,F,488158,45,34,0
A000367,Mr. AMASH,House,MI,M,9167,1,1,0
L000557,Mr. LARSON of Connecticut,House,CT,M,529928,86,72,1
H001065,Mr. HOLDING,House,NC,M,69176,20,10,0
M001166,Mr. McNERNEY,House,CA,M,139840,6,1,0
S001211,Mr. STANTON,House,AZ,M,34491,0,22,0
D000197,Ms. DeGETTE,House,CO,F,310886,10,10,0
B001260,Mr. BUCHANAN,House,FL,M,66194,4,4,0
B001300,Ms. BARRAGAN,House,CA,F,45289,2,2,0
H001064,Mr. HECK,House,WA,M,74870,7,7,0
A000374,Mr. ABRAHAM,House,LA,M,40851,21,18,0
A000378,Mrs. AXNE,House,IA,F,81901,7,6,0
D000614,Mr. DUFFY,House,WI,M,110661,11,9,0
G000591,Mr. GUEST,House,MS,M,43063,64,34,6
G000555,Mrs. GILLIBRAND,Senate,NY,F,234689,17,18,0
R000615,Mr. ROMNEY,Senate,UT,M,46068,33,21,0
M001199,Mr. MAST,House,FL,M,47160,16,14,1
K000376,Mr. KELLY of Pennsylvania,House,PA,M,193574,84,58,1
B001243,Mrs. BLACKBURN,Senate,TN,F,856055,143,84,1
H001079,Mrs. HYDE-SMITH,Senate,MS,F,49622,41,26,1
T000463,Mr. TURNER,House,OH,M,159759,22,14,0
H001074,Mr. HOLLINGSWORTH,House,IN,M,11535,1,0,0
R000612,Mr. JOHN W. ROSE of Tennessee,House,TN,M,72790,79,35,3
W000827,Mr. WRIGHT,House,TX,M,8752,4,3,0
None,Ms. LEE,House,unknown,,1180418,215,144,0
L000560,Mr. LARSEN of Washington,House,WA,M,111747,4,1,1
M001194,Mr. MOOLENAAR,House,MI,M,20372,3,1,0
K000395,Mr. KELLER,House,PA,M,55599,21,16,0
R000576,Mr. RUPPERSBERGER,House,MD,M,177509,4,3,0
T000480,Mr. TIMMONS,House,SC,M,9121,2,3,0
A000369,Mr. AMODEI,House,NV,M,27622,15,15,0
B001311,Mr. BISHOP of North Carolina,House,NC,M,43513,20,17,0
M001210,Mr. MURPHY of North Carolina,House,NC,M,45749,39,27,0
L000594,Mrs. LOEFFLER,Senate,GA,F,14961,4,5,0
M000687,Mr. MFUME,House,MD,M,68693,11,9,0
G000061,Mr. GARCIA of California,House,CA,M,29768,25,22,0
T000165,Mr. TIFFANY,House,WI,M,27624,1,1,0
J000020,Mr. JACOBS,House,NY,M,16274,1,0,0
H001092,Mr. HALL,House,GA,M,14416,5,5,0
P000587,Mr. PENCE,House,IN,M,550626,336,217,23
G000309,Mr. GORDON of Tennessee,House,TN,M,291288,53,18,0
K000360,Mr. KIRK,House,IL,M,400665,35,24,0
P000583,Mr. PAUL,House,TX,M,1240545,95,49,1
B001247,Ms. GINNY BROWN-WAITE of Florida,House,FL,F,254452,90,30,0
W000672,Mr. WOLF,House,VA,M,1496600,424,229,8
C001050,Mr. CARDOZA,House,CA,M,193679,4,4,0
D000492,Mr. DREIER,House,CA,M,1411993,66,53,0
B000410,Mr. BERMAN,House,CA,M,565521,18,11,1
W000793,Mr. WU,House,OR,M,170102,6,6,0
M001148,Mr. MEEK of Florida,House,FL,M,1035161,306,234,1
B000287,Mr. BECERRA,House,CA,M,355526,52,39,1
S000810,Mr. STARK,House,CA,M,1101401,67,48,0
K000172,Mr. KILDEE,House,MI,M,396798,504,180,5
G000289,Mr. GOODLATTE,House,VA,M,804134,44,28,2
S001154,Mr. SHUSTER,House,PA,M,372870,87,85,2
C000243,Mr. CASTLE,House,DE,M,595160,35,25,0
B001245,Ms. BORDALLO,House,GU,F,468797,146,107,1
P000586,Mr. PUTNAM,House,FL,M,158518,24,25,0
S001170,Ms. SHEA-PORTER,House,NH,F,74149,0,0,0
M001144,Mr. MILLER of Florida,House,FL,M,498194,303,224,1
K000008,Mr. KANJORSKI,House,PA,M,378271,57,23,0
M001167,Mr. MITCHELL,House,AZ,M,77269,4,3,0
C000714,Mr. CONYERS,House,MI,M,1660465,138,77,2
P000592,Mr. POE of Texas,House,TX,M,1739643,631,389,6
B000589,Mr. BOEHNER,House,OH,M,551112,135,95,10
S000480,Ms. SLAUGHTER,House,NY,F,1000018,39,29,0
D000299,Mr. LINCOLN DIAZ-BALART of Florida,House,FL,M,647195,101,63,0
F000339,Mr. FRANK of Massachusetts,House,MA,M,1491159,113,76,0
C001046,Mr. CANTOR,House,VA,M,324369,49,39,0
S000583,Mr. SMITH of Texas,House,TX,M,602229,47,39,0
G000549,Mr. GERLACH,House,PA,M,128067,20,3,0
B001210,Mr. BYRD,Senate,WV,M,3093275,2073,1138,86
K000148,Mr. KERRY,Senate,MA,M,2636187,114,91,1
K000305,Mr. KOHL,Senate,WI,M,876024,7,2,0
F000061,Mr. FEINGOLD,Senate,WI,M,3240713,67,23,0
M000303,Mr. McCAIN,Senate,AZ,M,3968595,169,152,1
S000663,Ms. SNOWE,Senate,ME,F,2179377,53,36,0
S000709,Mr. SPECTER,Senate,PA,M,2883851,42,47,1
L000304,Mr. LIEBERMAN,Senate,CT,M,2245348,399,270,3
H000338,Mr. HATCH,Senate,UT,M,5582153,482,222,10
I000025,Mr. INOUYE,Senate,HI,M,791960,36,39,0
B000468,Mr. BINGAMAN,Senate,NM,M,2364578,14,16,0
K000352,Mr. KYL,Senate,AZ,M,3138079,79,77,0
C000560,Mr. COBURN,Senate,OK,M,1469408,41,26,2
D000388,Mr. DODD,Senate,CT,M,3609565,161,88,4
C001041,Mrs. CLINTON,Senate,NY,F,849369,49,44,0
B001066,Mr. BUNNING,Senate,KY,M,492017,47,36,0
H001016,Mrs. HUTCHISON,Senate,TX,F,1537913,47,41,0
R000146,Mr. REID,Senate,NV,M,6413908,178,96,3
B001235,Mr. BROWN of South Carolina,House,SC,M,85177,23,23,0
A000361,Mr. ALEXANDER,House,LA,M,60957,22,12,0
G000535,Mr. GUTIERREZ,House,IL,M,378920,35,27,0
C000794,Mr. COSTELLO,House,IL,M,289849,51,43,0
R000573,Mr. ROSS,House,AR,M,327073,37,23,0
T000038,Mr. TANNER,House,TN,M,243115,16,12,0
W000738,Ms. WOOLSEY,House,CA,F,1015287,18,27,0
M001150,Mrs. MILLER of Michigan,House,MI,F,257653,31,30,0
T000057,Mrs. TAUSCHER,House,CA,F,159726,7,8,0
W000796,Mr. WESTMORELAND,House,GA,M,263955,79,60,2
Y000031,Mr. YOUNG of Florida,House,FL,M,651108,50,45,0
K000336,Mr. KUCINICH,House,OH,M,1652970,255,154,16
S000030,Ms. LORETTA SANCHEZ of California,House,CA,F,366636,30,36,0
M001147,Mr. McCOTTER,House,MI,M,218863,105,89,0
W000794,Ms. WATSON,House,CA,F,248264,42,31,0
G000550,Mr. GINGREY of Georgia,House,GA,M,993826,282,270,1
T000326,Mr. TOWNS,House,NY,M,1059214,657,396,3
I000056,Mr. ISSA,House,CA,M,373103,31,28,0
W000215,Mr. WAXMAN,House,CA,M,751416,28,22,2
A000364,Mr. ADLER of New Jersey,House,NJ,M,25896,3,3,0
D000533,Mr. DUNCAN,House,TN,M,747658,263,163,4
K000113,Mr. KENNEDY,House,RI,M,315219,45,44,0
B001262,Mr. BROUN of Georgia,House,GA,M,331908,202,135,7
R000361,Mr. ROCKEFELLER,Senate,WV,M,1620263,40,35,0
H000206,Mr. HARKIN,Senate,IA,M,3821051,120,104,0
B000611,Mr. BOND,Senate,MO,M,1926813,67,51,1
L000504,Mr. LUGAR,Senate,IN,M,927979,35,8,0
L000035,Mrs. LINCOLN,Senate,AR,F,661008,58,46,3
N000032,Mr. NELSON of Florida,Senate,FL,M,1360618,137,86,2
B001203,Mr. BUYER,House,IN,M,420564,41,46,0
R000004,Mr. RADANOVICH,House,CA,M,527121,90,47,1
B001242,Mr. BISHOP of New York,House,NY,M,221836,12,10,0
B000213,Mr. BARTON of Texas,House,TX,M,572549,53,38,0
M001142,Mr. MATHESON,House,UT,M,135124,8,1,0
B000652,Mr. BOSWELL,House,IA,M,93898,16,8,0
R000409,Mr. ROHRABACHER,House,CA,M,1480868,302,238,6
J000283,Mr. JACKSON of Illinois,House,IL,M,301411,96,46,9
R000053,Mr. RANGEL,House,NY,M,1539734,637,448,5
D000355,Mr. DINGELL,House,MI,M,890140,47,36,1
H001037,Ms. HERSETH SANDLIN,House,SD,F,115163,1,1,0
E000290,Ms. EDWARDS of Maryland,House,MD,F,223080,9,16,0
B001234,Mr. BACA,House,CA,M,372065,132,95,0
G000548,Mr. GARRETT of New Jersey,House,NJ,M,522765,40,17,1
N000182,Mr. NEUGEBAUER,House,TX,M,199253,75,46,2
P000591,Mr. PRICE of Georgia,House,GA,M,611102,63,47,2
G000445,Mr. GREGG,Senate,NH,M,1885178,57,53,0
C000286,Mr. CHAMBLISS,Senate,GA,M,760411,71,83,0
C000705,Mr. CONRAD,Senate,ND,M,1985326,35,33,0
K000105,Mr. KENNEDY,Senate,MA,M,5131352,122,75,0
D000432,Mr. DORGAN,Senate,ND,M,5102001,387,330,0
B000953,Mr. BROWNBACK,Senate,KS,M,1233209,357,276,16
U000038,Mr. UDALL of Colorado,Senate,CO,M,1263625,24,21,0
F000116,Mr. FILNER,House,CA,M,619019,18,8,0
R000580,Mr. ROSKAM,House,IL,M,214200,35,25,0
S001171,Mr. SHULER,House,NC,M,75204,54,29,5
R000011,Mr. RAHALL,House,WV,M,615906,192,160,6
C001076,Mr. CHAFFETZ,House,UT,M,175883,33,24,0
F000372,Mr. FRELINGHUYSEN,House,NJ,M,576665,49,43,0
C001048,Mr. CULBERSON,House,TX,M,215127,35,24,0
S000465,Mr. SKELTON,House,MO,M,682516,111,83,1
H000213,Ms. HARMAN,House,CA,F,321181,6,6,0
F000030,Mr. FARR,House,CA,M,869045,72,64,0
C001058,Mr. CHANDLER,House,KY,M,36127,12,0,0
M000725,Mr. GEORGE MILLER of California,House,CA,M,1628579,57,43,2
K000363,Mr. KLINE of Minnesota,House,MN,M,191337,16,17,0
A000210,Mr. ANDREWS,House,NJ,M,577321,44,31,0
M000508,Mr. McKEON,House,CA,M,438207,65,42,0
H001040,Mr. HARE,House,IL,M,92006,4,4,0
M001174,Mr. McMAHON,House,NY,M,53050,6,2,0
S001174,Ms. SUTTON,House,OH,F,148442,1,1,0
C001036,Mrs. CAPPS,House,CA,F,503624,40,22,3
M000933,Mr. MORAN of Virginia,House,VA,M,933217,46,45,0
T000260,Mr. TIAHRT,House,KS,M,482463,163,104,2
H001032,Mr. HOLT,House,NJ,M,882517,61,41,0
E000063,Mr. EDWARDS of Texas,House,TX,M,340837,120,101,1
H001034,Mr. HONDA,House,CA,M,352130,21,8,0
D000327,Mr. DICKS,House,WA,M,463834,13,11,0
B000013,Mr. BACHUS,House,AL,M,395405,96,71,1
F000448,Mr. FRANKS of Arizona,House,AZ,M,330640,372,350,3
F000444,Mr. FLAKE,House,AZ,M,606936,30,15,0
A000362,Mr. ALTMIRE,House,PA,M,189107,5,2,0
T000465,Ms. TSONGAS,House,MA,F,76834,0,0,0
R000435,Ms. ROS-LEHTINEN,House,FL,F,1002086,116,104,2
W000314,Mr. WEXLER,House,FL,M,87161,7,7,0
R000487,Mr. ROYCE,House,CA,M,592639,24,5,0
B001231,Ms. BERKLEY,House,NV,F,247389,21,17,0
E000288,Mr. ELLISON,House,MN,M,623014,57,32,2
A000022,Mr. ACKERMAN,House,NY,M,295160,30,20,0
C001037,Mr. CAPUANO,House,MA,M,180154,19,17,0
S001164,Mrs. SCHMIDT,House,OH,F,110667,47,40,0
B001252,Mr. BARROW,House,GA,M,51112,11,6,0
B001149,Mr. BURTON of Indiana,House,IN,M,1018739,151,103,4
C001038,Mr. CROWLEY,House,NY,M,483319,66,46,1
M000689,Mr. MICA,House,FL,M,902312,73,58,2
G000410,Mr. GENE GREEN of Texas,House,TX,M,915128,95,61,2
S001141,Mr. SESSIONS,Senate,AL,M,3592746,264,171,1
A000069,Mr. AKAKA,Senate,HI,M,1146964,135,92,10
L000261,Mr. LEVIN,Senate,MI,M,3359275,103,58,2
B000711,Mrs. BOXER,Senate,CA,F,3397704,612,566,8
B000382,Mr. BENNETT,Senate,UT,M,1042097,75,41,0
D000595,Mr. DeMINT,Senate,SC,M,428755,58,42,0
C000567,Mr. COCHRAN,Senate,MS,M,727176,1,4,0
B001233,Mr. BAYH,Senate,IN,M,282705,526,399,24
M000472,Mr. McHUGH,House,NY,M,233125,8,8,0
B001229,Mr. BAIRD,House,WA,M,176484,5,4,0
G000544,Mr. GONZALEZ,House,TX,M,126612,24,13,0
S000250,Mr. SESSIONS,House,TX,M,978388,201,125,2
D000607,Mr. DONNELLY of Indiana,House,IN,M,205693,114,108,0
H000636,Mr. HINOJOSA,House,TX,M,253424,11,8,0
P000585,Mr. PLATTS,House,PA,M,100431,27,27,0
R000170,Mr. REYES,House,TX,M,363072,54,47,0
V000127,Mr. VITTER,Senate,LA,M,640387,49,31,0
M001162,Mr. MARTINEZ,Senate,FL,M,225536,15,15,0
L000123,Mr. LAUTENBERG,Senate,NJ,M,1706681,74,37,0
M001134,Mrs. MYRICK,House,NC,F,189889,69,38,0
K000365,Mr. KAGEN,House,WI,M,115664,5,4,0
M001155,Mr. MACK,House,FL,M,40347,1,1,0
B001239,Mr. BARRETT of South Carolina,House,SC,M,83767,28,18,0
G000554,Ms. GIFFORDS,House,AZ,F,81873,0,1,0
W000801,Mr. WILSON of Ohio,House,OH,M,28583,1,1,0
R000571,Mr. REHBERG,House,MT,M,95989,7,7,0
C001060,Mr. CARNAHAN,House,MO,M,105317,4,1,0
S000822,Mr. STEARNS,House,FL,M,745415,127,102,4
S001162,Ms. SCHWARTZ,House,PA,F,154830,22,5,0
W000799,Mr. WALZ,House,MN,M,200055,7,2,0
P000600,Mr. PERRIELLO,House,VA,M,51832,5,5,0
P000598,Mr. POLIS of Colorado,House,CO,M,834591,31,21,0
B001232,Mrs. BIGGERT,House,IL,F,335070,6,5,0
S001045,Mr. STUPAK,House,MI,M,639686,102,47,1
K000372,Ms. KILROY,House,OH,F,40274,1,1,0
K000369,Mr. KISSELL,House,NC,M,27363,3,3,0
D000608,Mrs. DAHLKEMPER,House,PA,F,34210,15,15,0
G000556,Mr. GRAYSON,House,FL,M,209317,31,26,0
S000275,Mr. SHADEGG,House,AZ,M,365438,29,26,0
M000404,Mr. McDERMOTT,House,WA,M,1097080,160,97,8
R000572,Mr. ROGERS of Michigan,House,MI,M,250744,27,26,1
T000459,Mr. TERRY,House,NE,M,248550,51,42,0
K000370,Ms. KOSMAS,House,FL,F,7428,0,1,0
L000111,Mr. LATHAM,House,IA,M,369884,25,24,0
H000528,Mr. HERGER,House,CA,M,220205,9,8,0
J000174,Mr. SAM JOHNSON of Texas,House,TX,M,381811,385,336,1
R000570,Mr. RYAN of Wisconsin,House,WI,M,519230,44,35,0
C000071,Mr. CAMP,House,MI,M,326382,62,44,0
S001178,Mr. SCHAUER,House,MI,M,23447,2,2,1
B001255,Mr. BOUSTANY,House,LA,M,200721,17,17,0
L000321,Mr. LINDER,House,GA,M,271025,38,28,1
C000380,Mrs. CHRISTENSEN,House,VI,F,491961,83,75,2
M001172,Ms. MARKEY of Colorado,House,CO,F,19063,0,0,0
M001173,Mr. MASSA,House,NY,M,23547,0,0,0
D000168,Mr. DEAL of Georgia,House,GA,M,118159,5,3,0
B001256,Mrs. BACHMANN,House,MN,F,361808,170,129,3
P000422,Mr. POMEROY,House,ND,M,419531,30,28,2
K000366,Mr. KLEIN of Florida,House,FL,M,147864,8,8,0
L000263,Mr. LEVIN,House,MI,M,724446,11,4,1
A000014,Mr. ABERCROMBIE,House,HI,M,399275,25,24,0
B001253,Ms. BEAN,House,IL,F,49329,1,1,0
C001074,Mr. CHILDERS,House,MS,M,15593,4,2,0
K000371,Mr. KRATOVIL,House,MD,M,15874,0,0,0
D000609,Mr. DRIEHAUS,House,OH,M,38295,3,2,0
M001138,Mr. MANZULLO,House,IL,M,363955,120,79,2
H001036,Mr. HENSARLING,House,TX,M,653618,100,62,2
C001064,Mr. CAMPBELL,House,CA,M,106102,4,3,0
B000911,Ms. CORRINE BROWN of Florida,House,FL,F,447725,174,151,6
S001169,Mr. SESTAK,House,PA,M,78363,18,16,0
A000358,Mr. AKIN,House,MO,M,607229,384,307,2
W000792,Mr. WEINER,House,NY,M,266119,64,55,0
M000702,Ms. MIKULSKI,Senate,MD,F,1632663,195,241,0
S001163,Mr. SALAZAR,Senate,CO,M,510367,53,35,6
S001155,Mr. SULLIVAN,House,OK,M,67549,6,6,0
D000210,Mr. DELAHUNT,House,MA,M,455188,27,22,3
O000107,Mr. ORTIZ,House,TX,M,246594,53,26,0
K000220,Mr. KINGSTON,House,GA,M,864788,187,117,0
P000265,Mr. PETRI,House,WI,M,247700,2,0,0
E000226,Mr. ETHERIDGE,House,NC,M,487103,70,92,1
H001039,Mr. HALL of New York,House,NY,M,94622,0,0,0
P000594,Mr. PAULSEN,House,MN,M,184044,2,2,1
N000183,Mr. NYE,House,VA,M,14375,4,3,0
R000583,Mr. ROONEY,House,FL,M,45588,4,5,0
M001140,Mr. MOORE of Kansas,House,KS,M,360832,86,51,3
S001179,Mr. SCHOCK,House,IL,M,55100,16,11,0
M001168,Mr. PATRICK J. MURPHY of Pennsylvania,House,PA,M,79973,9,7,0
B000444,Mr. BIDEN,Senate,DE,M,2258158,303,211,1
C001071,Mr. CORKER,Senate,TN,M,393980,4,5,0
W000803,Mr. WEBB,Senate,VA,M,203653,1,1,0
B000243,Mr. BAUCUS,Senate,MT,M,2416291,89,52,3
O000006,Mr. OBERSTAR,House,MN,M,1024725,64,54,0
P000590,Mr. PRYOR,Senate,AR,M,381035,43,21,6
K000373,Mr. KAUFMAN,Senate,DE,M,303180,6,7,0
H001049,Mrs. HAGAN,Senate,NC,F,102823,4,4,0
M001170,Mrs. McCASKILL,Senate,MO,F,253111,24,17,0
L000568,Mr. LEE of New York,House,NY,M,38351,0,1,0
H000627,Mr. HINCHEY,House,NY,M,334929,14,10,0
E000092,Mr. EHLERS,House,MI,M,406118,114,85,1
C000556,Mr. COBLE,House,NC,M,315975,17,12,0
S000749,Mr. SPRATT,House,SC,M,561467,18,16,1
S001143,Mr. SOUDER,House,IN,M,829503,199,106,3
V000126,Mr. VOINOVICH,Senate,OH,M,866431,105,78,16
F000456,Mr. FLEMING,House,LA,M,178840,29,21,0
L000571,Mrs. LUMMIS,House,WY,F,136480,23,18,1
D000603,Mr. DAVIS of Kentucky,House,KY,M,171354,23,14,3
A000363,Mr. ARCURI,House,NY,M,128462,2,2,0
L000553,Mr. LaTOURETTE,House,OH,M,342071,51,43,0
H000712,Mr. HOLDEN,House,PA,M,60059,7,4,0
L000274,Mr. LEWIS of California,House,CA,M,530368,33,26,0
E000172,Mrs. EMERSON,House,MO,F,171478,27,18,0
B001254,Mr. BOREN,House,OK,M,53552,1,2,0
H001030,Mr. HILL,House,IN,M,74670,4,8,0
P000596,Mr. PIERLUISI,House,PR,M,63508,14,6,0
T000466,Mr. TEAGUE,House,NM,M,25232,4,4,0
R000581,Ms. RICHARDSON,House,CA,F,266875,10,8,2
W000119,Mr. WAMP,House,TN,M,283634,168,101,10
F000043,Mr. FATTAH,House,PA,M,240820,46,35,0
M000309,Mrs. McCARTHY of New York,House,NY,F,370763,34,29,0
O000007,Mr. OBEY,House,WI,M,1342850,124,117,1
C001045,Mr. CRENSHAW,House,FL,M,166829,15,16,0
S001173,Mr. SPACE,House,OH,M,72910,11,1,0
I000026,Mr. INSLEE,House,WA,M,592476,41,17,2
R000578,Mr. REICHERT,House,WA,M,186272,27,15,0
M001151,Mr. TIM MURPHY of Pennsylvania,House,PA,M,297367,50,35,1
B001263,Mr. BOCCIERI,House,OH,M,67274,10,11,0
H001044,Mrs. HALVORSON,House,IL,F,28071,0,0,0
B000657,Mr. BOUCHER,House,VA,M,131069,3,0,0
G000021,Mr. GALLEGLY,House,CA,M,227197,6,43,0
R000462,Mr. ROTHMAN,House,NJ,M,208856,63,60,0
M000844,Mr. MOLLOHAN,House,WV,M,170658,6,8,0
C001077,Mr. COFFMAN of Colorado,House,CO,M,170842,5,5,0
K000180,Ms. KILPATRICK of Michigan,House,MI,F,292970,129,107,1
M001139,Mr. GARY G. MILLER of California,House,CA,M,190768,23,13,0
H000067,Mr. HALL of Texas,House,TX,M,393147,104,66,0
M001120,Mr. MURTHA,House,PA,M,214810,33,26,0
M001171,Mr. MAFFEI,House,NY,M,35713,5,4,0
O000085,Mr. OLVER,House,MA,M,258843,6,3,0
H000676,Mr. HOEKSTRA,House,MI,M,587434,68,51,0
B001259,Mr. BRALEY of Iowa,House,IA,M,139957,9,5,1
J000177,Mr. JOHNSON,Senate,SD,M,831180,27,14,1
N000180,Mr. NELSON of Nebraska,Senate,NE,M,293340,15,13,0
B001266,Mr. BURRIS,Senate,IL,M,118925,9,6,0
M000485,Mr. McINTYRE,House,NC,M,142949,309,256,5
C001065,Mr. CARNEY,House,PA,M,26036,2,3,0
M001161,Mr. MELANCON,House,LA,M,39598,2,1,0
B000716,Mr. BOYD,House,FL,M,119464,5,5,0
E000194,Mr. ENSIGN,Senate,NV,M,574507,98,69,2
P000373,Mr. PITTS,House,PA,M,442695,166,108,1
J000290,Ms. JENKINS,House,KS,F,59443,6,5,0
J000291,Mr. JOHANNS,Senate,NE,M,255681,43,41,0
B001265,Mr. BEGICH,Senate,AK,M,256530,7,7,0
L000550,Ms. LANDRIEU,Senate,LA,F,1829071,179,151,2
F000453,Ms. FALLIN,House,OK,F,41432,8,8,0
B001227,Mr. BRADY of Pennsylvania,House,PA,M,197857,45,30,1
B001228,Mrs. BONO MACK,House,CA,F,92611,14,14,0
S001158,Mr. SALAZAR,House,CO,M,72452,3,2,0
L000517,Mr. DANIEL E. LUNGREN of California,House,CA,M,408889,124,100,0
I000023,Mr. INGLIS,House,SC,M,81744,27,17,2
J000285,Mr. JOHNSON of Illinois,House,IL,M,70264,9,6,0
P000149,Mr. PAYNE,House,NJ,M,439595,89,47,1
F000445,Mr. FORBES,House,VA,M,167243,151,109,2
B000420,Mr. BERRY,House,AR,M,184834,36,21,1
B001244,Mr. BONNER,House,AL,M,325111,113,83,4
A000365,Mr. AUSTRIA,House,OH,M,44877,5,5,0
C001079,Mr. CAO,House,LA,M,39585,4,1,0
F000010,Mr. FALEOMAVAEGA,House,AS,M,771922,150,77,5
S001153,Ms. SOLIS of California,House,CA,F,285301,25,14,0
W000413,Mr. WHITFIELD,House,KY,M,261000,32,17,0
D000604,Mr. DENT,House,PA,M,206139,20,6,0
L000554,Mr. LoBIONDO,House,NJ,M,136866,11,6,0
B000461,Mr. BILBRAY,House,CA,M,282306,32,25,0
B001264,Mr. BRIGHT,House,AL,M,12410,0,0,0
H000329,Mr. HASTINGS of Washington,House,WA,M,586555,2,1,0
M001154,Mr. MILLER of North Carolina,House,NC,M,74344,10,6,1
L000567,Mr. LANCE,House,NJ,M,107943,22,19,0
D000599,Mr. DAVIS of Tennessee,House,TN,M,88346,40,25,0
H001045,Mr. HARPER,House,MS,M,73433,40,27,1
M001146,Mr. MARSHALL,House,GA,M,35131,1,11,0
H001043,Mr. HODES,House,NH,M,75376,0,0,0
B000208,Mr. BARTLETT,House,MD,M,779569,523,338,5
M001175,Mr. MINNICK,House,ID,M,7871,1,1,0
H001041,Mr. HELLER,House,NV,M,258692,9,8,0
T000074,Mr. TAYLOR,House,MS,M,259290,30,30,1
S000672,Mr. SNYDER,House,AR,M,94077,6,6,0
I000057,Mr. ISRAEL,House,NY,M,270209,61,47,1
P000099,Mr. PASTOR of Arizona,House,AZ,M,152357,17,12,0
W000207,Mr. WATT,House,NC,M,362198,28,23,0
T000462,Mr. TIBERI,House,OH,M,106093,10,11,0
D000602,Mr. DAVIS of Alabama,House,AL,M,69971,18,18,0
R000568,Mr. RODRIGUEZ,House,TX,M,310334,20,25,0
E000289,Mr. ELLSWORTH,House,IN,M,32444,1,1,0
M001149,Mr. MICHAUD,House,ME,M,189098,5,5,0
M001178,Mr. MURPHY of New York,House,NY,M,10634,0,0,0
T000266,Mr. TIERNEY,House,MA,M,265183,11,11,0
G000557,Mr. GRIFFITH,House,AL,M,10937,0,0,0
F000457,Mr. FRANKEN,Senate,MN,M,435324,20,21,0
K000374,Mr. KIRK,Senate,MA,M,20798,0,0,0
L000572,Mr. LeMIEUX,Senate,FL,M,136693,7,8,0
O000169,Mr. OWENS,House,NY,M,26838,2,3,0
B001268,Mr. BROWN of Massachusetts,Senate,MA,M,94372,8,5,0
C001081,Mr. CRITZ,House,PA,M,35281,0,1,0
D000611,Mr. DJOU,House,HI,M,7619,2,2,0
G000561,Mr. GOODWIN,Senate,WV,M,2226,0,0,0
S001188,Mr. STUTZMAN,House,IN,M,58262,8,5,0
V000134,Ms. VAN DUYNE,House,TX,F,42638,6,9,0
O000019,Mr. OBERNOLTE,House,CA,M,22505,0,0,0
G000595,Mr. GOOD of Virginia,House,VA,M,77783,69,46,0
B000825,Mrs. BOEBERT,House,CO,F,61733,60,43,2
K000397,Mrs. KIM of California,House,CA,F,30236,11,5,1
G000596,Mrs. GREENE of Georgia,House,GA,F,71729,36,32,1
H001084,Ms. HERRELL,House,NM,F,20907,7,7,0
C001039,Mrs. CAMMACK,House,FL,F,55323,5,4,0
C001104,Mr. CAWTHORN,House,NC,M,15275,12,9,0
K000377,Mr. KELLY,Senate,AZ,M,16857,1,1,0
B001223,Mr. BOWMAN,House,NY,M,24422,1,1,0
M001136,Mrs. McCLAIN,House,MI,F,31732,11,2,0
F000246,Mr. FALLON,House,TX,M,43655,58,45,0
M000194,Ms. MACE,House,SC,F,21945,8,8,0
A000148,Mr. AUCHINCLOSS,House,MA,M,16406,0,0,0
B001312,Ms. BOURDEAUX,House,GA,F,9743,0,0,0
B001224,Ms. BUSH,House,MO,F,21857,3,0,0
J000304,Mr. JACKSON,House,TX,M,16074,2,3,0
J000305,Ms. JACOBS of California,House,CA,F,20434,0,0,0
J000306,Mr. JONES,House,NY,M,14430,0,0,1
C001116,Mr. CLYDE,House,GA,M,51614,47,43,2
M001213,Mr. MOORE of Utah,House,UT,M,18297,2,0,0
N000192,Ms. NEWMAN,House,IL,F,8965,5,0,0
S000929,Mrs. SPARTZ,House,IN,F,15233,1,1,0
R000305,Ms. ROSS,House,NC,F,35974,3,0,0
T000486,Mr. TORRES of New York,House,NY,M,30051,5,6,0
H001086,Mrs. HARSHBARGER,House,TN,F,40330,50,36,0
M001212,Mr. MOORE of Alabama,House,AL,M,18289,10,6,1
K000396,Mr. KAHELE,House,HI,M,13777,0,1,0
M001135,Ms. MANNING,House,NC,F,26855,0,0,0
M001214,Mr. MRVAN,House,IN,M,34797,12,3,0
W000788,Ms. WILLIAMS of Georgia,House,GA,F,18169,1,1,0
M001186,Mr. MEIJER,House,MI,M,11454,0,0,0
V000129,Mr. VALADAO,House,CA,M,113962,18,7,0
F000446,Mr. FEENSTRA,House,IA,M,8251,5,5,0
H001091,Mrs. HINSON,House,IA,F,13036,1,1,0
D000032,Mr. DONALDS,House,FL,M,19083,1,2,0
P000048,Mr. PFLUGER,House,TX,M,41021,8,6,0
C001054,Mr. CARL,House,AL,M,14805,19,19,0
L000266,Mr. LaTURNER,House,KS,M,12390,3,3,0
M000871,Mr. MANN,House,KS,M,56556,33,20,2
G000594,Mr. TONY GONZALES of Texas,House,TX,M,8665,2,2,0
F000472,Mr. C. SCOTT FRANKLIN of Florida,House,FL,M,13821,1,2,0
H000601,Mr. HAGERTY,Senate,TN,M,35912,3,2,1
L000273,Ms. LEGER FERNANDEZ,House,NM,F,85614,5,4,0
S001159,Ms. STRICKLAND,House,WA,F,17587,0,0,0
S001135,Mrs. STEEL,House,CA,F,14361,0,0,0
R000606R,Mr. Manager RASKIN,Senate,unknown,,4544,0,0,0
P000510,Ms. Manager PLASKETT,Senate,VT,M,4729,0,0,0
M001215,Mrs. MILLER-MEEKS,House,IA,F,75667,2,2,0
B000740,Mrs. BICE of Oklahoma,House,OK,F,23689,6,4,0
F000470,Mrs. FISCHBACH,House,MN,F,51042,0,1,0
T000478,Ms. TENNEY,House,NY,F,109685,17,19,0
G000593,Mr. GIMENEZ,House,FL,M,19920,2,2,0
O000086,Mr. OWENS,House,UT,M,31622,13,13,0
R000103,Mr. ROSENDALE,House,MT,M,33603,5,6,0
M000317,Ms. MALLIOTAKIS,House,NY,F,30991,1,1,0
T000278,Mr. TUBERVILLE,Senate,AL,M,138713,12,14,0
O000174,Mr. OSSOFF,Senate,GA,M,16168,0,0,0
R000579,Mr. RYAN,House,NY,M,9885,0,0,0
G000597,Mr. GARBARINO,House,NY,M,10986,17,6,0
F000471,Mr. FITZGERALD,House,WI,M,20576,0,0,0
M001211,Mrs. MILLER of Illinois,House,IL,F,21463,46,39,1
P000145,Mr. PADILLA,Senate,CA,M,136541,13,9,0
W000790,Mr. WARNOCK,Senate,GA,M,37049,22,14,1
N000026,Mr. NEHLS,House,TX,M,18168,4,4,0
S000168,Ms. SALAZAR,House,FL,F,8246,5,4,0
L000595,Ms. LETLOW,House,LA,F,10186,2,1,0
C001125,Mr. CARTER of Louisiana,House,LA,M,77760,57,38,1
B000668,Mr. BENTZ,House,OR,M,37633,2,0,0
S001218,Ms. STANSBURY,House,NM,F,11724,0,0,0
E000071,Mr. ELLZEY,House,TX,M,30629,18,15,1
H000273,Mr. HICKENLOOPER,Senate,CO,M,6167,1,1,0
B001313,Ms. BROWN of Ohio,House,OH,F,14791,0,0,0
C001126,Mr. CAREY,House,OH,M,3059,0,0,0
C001127,Mrs. CHERFILUS-McCORMICK,House,FL,F,20313,1,1,0
C001128,Ms. CONWAY,House,CA,F,5145,3,1,0
F000473,Mrs. FLORES,House,TX,F,2660,2,2,0
F000474,Mr. FLOOD,House,NE,M,10163,0,0,0
P000619,Mrs. PELTOLA,House,AK,F,7210,0,1,0
Y000067,Mr. YAKYM,House,IN,M,8920,21,23,0
F000475,Mr. FINSTAD,House,MN,M,1118,0,0,0
S001219,Mr. SEMPOLINSKI,House,NY,M,788,0,0,0
A000215,Mr. ARCHER,House,TX,M,184573,4,5,0
V000087,Mr. VENTO,House,MN,M,531231,28,12,0
B000403,Mr. BEREUTER,House,NE,M,736288,18,10,0
D000549,Ms. DUNN,House,WA,F,172223,42,28,0
M000350,Mr. McCOLLUM,House,FL,M,465672,12,8,0
K000288,Mr. KNOLLENBERG,House,MI,M,286467,14,6,0
M000249,Mr. MATSUI,House,CA,M,203584,4,3,0
G000212,Mr. GILMAN,House,NY,M,993715,125,82,3
B000072,Mr. BAKER,House,LA,M,114188,8,5,0
C000994,Mr. CUNNINGHAM,House,CA,M,634573,87,75,1
S000462,Mr. SKAGGS,House,CO,M,233366,8,6,0
O000159,Mr. OWENS,House,NY,M,1594624,246,195,2
R000229,Mr. RICHARDSON,House,NM,M,197093,15,7,0
L000090,Mr. LANTOS,House,CA,M,1329152,229,120,6
C000670,Mr. CONDIT,House,CA,M,92681,1,1,0
D000136,Mr. DAVIS of Virginia,House,VA,M,645306,58,39,0
S001044,Mr. STUMP,House,AZ,M,130792,5,4,0
Q000016,Mr. QUINN,House,NY,M,101736,18,16,0
U000014,Mr. UNDERWOOD,House,GU,M,477914,82,21,1
H000413,Mr. HAYWORTH,House,AZ,M,512543,47,24,1
S000394,Mr. SHUSTER,House,PA,M,262727,6,4,0
P000452,Mr. POSHARD,House,IL,M,117376,113,79,6
F000434,Ms. FURSE,House,OR,F,122340,3,1,0
K000078,Mrs. KELLY,House,NY,F,179592,0,2,0
B000104,Mr. BALLENGER,House,NC,M,177971,9,6,0
C000962,Mrs. CUBIN,House,WY,F,99566,13,9,0
G000291,Mr. GOODLING,House,PA,M,388039,17,12,0
K000118,Mrs. KENNELLY,House,CT,F,123234,5,1,0
J000163,Mrs. JOHNSON of Connecticut,House,CT,F,326180,7,5,0
L000155,Mr. LAZIO of New York,House,NY,M,231529,2,3,2
B000400,Mr. BENTSEN,House,TX,M,478544,41,32,0
C000873,Mr. CRANE,House,IL,M,310056,45,44,0
R000465,Mrs. ROUKEMA,House,NJ,F,348955,47,37,1
K000259,Mr. KLECZKA,House,WI,M,216517,72,52,0
M000628,Mrs. MEEK of Florida,House,FL,F,295939,186,155,2
C000488,Mr. CLAY,House,MO,M,163262,17,14,0
R000252,Mr. RIGGS,House,CA,M,286404,45,21,1
N000051,Mr. NETHERCUTT,House,WA,M,159096,20,16,0
T000188,Mr. THOMAS,House,CA,M,493863,4,3,1
S000675,Mr. SOLOMON,House,NY,M,791514,55,44,0
F000053,Mr. FAZIO of California,House,CA,M,267358,15,15,0
G000132,Mr. GEPHARDT,House,MO,M,248361,42,38,0
G000225,Mr. GINGRICH,House,GA,M,247541,74,52,0
F000238,Mr. FOLEY,House,FL,M,312036,88,80,0
G000121,Mr. GEKAS,House,PA,M,289460,51,16,0
H000981,Mr. HUNTER,House,CA,M,593488,38,32,1
A000217,Mr. ARMEY,House,TX,M,366242,84,49,0
B000619,Mr. BONIOR,House,MI,M,509147,77,58,1
S000094,Mr. SAWYER,House,OH,M,73411,13,9,0
M000834,Mr. MOAKLEY,House,MA,M,282872,20,14,1
M000627,Mr. MEEHAN,House,MA,M,218935,22,20,0
H000666,Mr. HOBSON,House,OH,M,129654,11,6,0
G000336,Mr. GOSS,House,FL,M,535285,15,18,0
L000447,Mr. LOTT,Senate,MS,M,2025866,98,79,4
D000064,Mr. DASCHLE,Senate,SD,M,2132750,73,60,1
W000288,Mr. WELLSTONE,Senate,MN,M,2416394,268,236,0
W000154,Mr. WARNER,Senate,VA,M,1891513,102,64,12
T000254,Mr. THURMOND,Senate,SC,M,559999,72,66,0
K000270,Mr. KLINK,House,PA,M,153871,11,7,0
B000134,Mr. BARCIA,House,MI,M,203286,56,38,0
S000718,Mr. SPENCE,House,SC,M,166703,123,75,3
L000552,Mr. LaHOOD,House,IL,M,133834,35,31,0
F000257,Mr. FORBES,House,NY,M,178991,123,74,0
B000081,Mr. BALDACCI,House,ME,M,111537,3,3,0
C000846,Mr. COYNE,House,PA,M,141254,13,3,0
T000350,Mr. TRAFICANT,House,OH,M,456587,348,321,0
S000097,Mr. SAXTON,House,NJ,M,358509,10,12,0
M000941,Mrs. MORELLA,House,MD,F,502340,15,14,0
G000210,Mr. GILLMOR,House,OH,M,168417,16,9,0
H001022,Mr. HYDE,House,IL,M,491310,232,171,0
L000371,Mr. LIVINGSTON,House,LA,M,253649,19,14,1
F000262,Mr. FORD,House,TN,M,113049,56,37,0
M000206,Mr. MARTINEZ,House,CA,M,112143,8,5,0
B000220,Mr. BASS,House,NH,M,107801,4,5,0
B000463,Mr. BILIRAKIS,House,FL,M,314476,57,43,0
E000093,Mr. EHRLICH,House,MD,M,82801,10,11,0
H000323,Mr. HASTERT,House,IL,M,225150,52,52,0
S000125,Mr. SCHIFF,House,NM,M,65131,0,0,0
B000644,Mr. BORSKI,House,PA,M,119384,8,4,0
G000180,Mr. GILCHREST,House,MD,M,254076,23,12,1
D000217,Mr. DeLAY,House,TX,M,489021,131,102,3
C000107,Mr. CANADY of Florida,House,FL,M,163866,60,37,1
P000005,Mr. PACKARD,House,CA,M,171643,17,11,1
S000948,Mr. STOKES,House,OH,M,274070,28,22,0
T000058,Mr. TAUZIN,House,LA,M,377892,24,16,0
W000210,Mr. WATTS of Oklahoma,House,OK,M,132340,74,65,0
K000016,Mr. KASICH,House,OH,M,188946,33,26,0
N000102,Mr. NICKLES,Senate,OK,M,1235395,97,55,3
H000463,Mr. HELMS,Senate,NC,M,764675,149,75,0
R000460,Mr. ROTH,Senate,DE,M,594481,6,5,1
C000269,Mr. CHAFEE,Senate,RI,M,585364,13,5,0
D000407,Mr. DOMENICI,Senate,NM,M,2671157,87,55,0
F000268,Mr. FORD,Senate,KY,M,338107,15,9,0
G000367,Mr. GRAMS,Senate,MN,M,822957,29,18,1
A000356,Mr. ASHCROFT,Senate,MO,M,1017166,136,96,2
C000813,Mr. COVERDELL,Senate,GA,M,527214,25,20,0
J000072,Mr. JEFFORDS,Senate,VT,M,1274628,19,16,0
A000355,Mr. ABRAHAM,Senate,MI,M,906179,78,51,0
S000059,Mr. SANTORUM,Senate,PA,M,1278889,233,187,4
B000780,Mr. BREAUX,Senate,LA,M,538903,17,13,1
M001025,Ms. MOSELEY-BRAUN,Senate,IL,F,556821,64,47,0
M001054,Mr. MOYNIHAN,Senate,NY,M,1045064,164,98,2
T000457,Mr. THOMPSON,Senate,TN,M,563391,9,5,0
S000888,Mr. STEVENS,Senate,AK,M,1369637,90,81,0
C000858,Mr. CRAIG,Senate,ID,M,1852758,39,32,0
G000365,Mr. GRAMM,Senate,TX,M,1151544,142,113,1
H001015,Mr. HUTCHINSON,Senate,AR,M,533227,41,30,1
M001085,Mr. MURKOWSKI,Senate,AK,M,1715902,41,35,0
K000088,Mr. KEMPTHORNE,Senate,ID,M,261427,27,18,0
H000725,Mr. HOLLINGS,Senate,SC,M,1625753,85,42,1
F000439,Mr. FRIST,Senate,TN,M,2286910,132,104,2
D000294,Mr. DeWINE,Senate,OH,M,1352838,92,85,0
C000077,Mr. CAMPBELL,Senate,CO,M,601693,16,2,0
M000019,Mr. MACK,Senate,FL,M,321833,15,9,0
G000333,Mr. GORTON,Senate,WA,M,873672,29,13,0
G000352,Mr. GRAHAM,Senate,FL,M,1183673,27,24,5
B001126,Mr. BURNS,Senate,MT,M,714996,45,41,1
S000064,Mr. SARBANES,Senate,MD,M,1191142,39,37,0
G000236,Mr. GLENN,Senate,OH,M,689085,25,21,0
C000542,Mr. COATS,Senate,IN,M,951086,97,48,1
R000295,Mr. ROBB,Senate,VA,M,283769,21,12,0
F000437,Mr. FAIRCLOTH,Senate,NC,M,246995,15,3,0
D000018,Mr. D'AMATO,Senate,NY,M,634415,23,12,0
T000162,Mr. THOMAS,Senate,WY,M,1066341,16,13,0
A000109,Mr. ALLARD,Senate,CO,M,880166,91,55,0
B001057,Mr. BUMPERS,Senate,AR,M,547646,103,88,2
B000993,Mr. BRYAN,Senate,NV,M,423457,12,9,0
D000373,Mr. DIXON,House,CA,M,115041,20,18,0
S000005,Mr. SABO,House,MN,M,135830,0,0,0
T000024,Mr. TALENT,House,MO,M,331969,50,33,1
L000342,Mr. LIPINSKI,House,IL,M,218976,24,19,0
S000109,Mr. DAN SCHAEFER of Colorado,House,CO,M,60518,9,7,0
K000110,Mr. KENNEDY of Massachusetts,House,MA,M,198828,9,7,0
R000033,Mr. RAMSTAD,House,MN,M,190417,63,45,0
E000282,Mr. EWING,House,IL,M,107128,5,6,0
B000918,Mr. BROWN of California,House,CA,M,224685,10,8,0
Y000013,Mr. YATES,House,IL,M,58576,0,0,0
G000041,Mr. GANSKE,House,IA,M,437668,13,9,0
W000784,Mr. WYNN,House,MD,M,171656,26,20,1
M000797,Mrs. MINK of Hawaii,House,HI,F,373635,29,15,2
M000669,Mr. METCALF,House,WA,M,118015,14,6,1
G000272,Mr. GONZALEZ,House,TX,M,47358,12,6,0
F000328,Mrs. FOWLER,House,FL,F,94136,9,6,1
B000617,Mr. BONILLA,House,TX,M,121728,13,12,0
S000851,Mr. STENHOLM,House,TX,M,482958,23,16,1
T000316,Mr. TORRES,House,CA,M,104360,17,3,0
F000392,Mr. FROST,House,TX,M,355197,7,5,0
O000163,Mr. OXLEY,House,OH,M,335902,22,16,0
E000250,Mr. EVANS,House,IL,M,243560,15,13,1
R000386,Mr. ROGAN,House,CA,M,64482,6,2,0
M000843,Ms. MOLINARI,House,NY,F,27372,1,2,0
F000349,Mr. FRANKS of New Jersey,House,NJ,M,72139,5,6,0
W000268,Mr. WELDON of Pennsylvania,House,PA,M,780167,32,16,0
M000477,Mr. McINNIS,House,CO,M,1677494,115,81,0
L000043,Mr. LAMPSON,House,TX,M,187759,24,22,0
T000424,Mr. TURNER,House,TX,M,204582,17,16,2
S000597,Mr. SMITH of Michigan,House,MI,M,669757,55,44,0
R000417,Mr. ROMERO-BARCELO,House,PR,M,65566,6,5,0
W000654,Mr. WISE,House,WV,M,180463,11,6,0
M000466,Mr. McHALE,House,PA,M,30085,4,1,0
S000044,Mr. SANDLIN,House,TX,M,208710,19,14,0
N000054,Mr. NEUMANN,House,WI,M,360015,10,4,0
H001028,Mr. HAGEL,Senate,NE,M,391647,14,13,0
F000235,Mr. FOGLIETTA,House,PA,M,46489,15,1,1
B000169,Mr. BARR of Georgia,House,GA,M,219904,104,75,0
F000049,Mr. FAWELL,House,IL,M,103247,1,1,0
H000114,Mr. HAMILTON,House,IN,M,514919,23,9,1
S000662,Mr. SNOWBARGER,House,KS,M,25775,1,1,0
N000143,Mrs. NORTHUP,House,KY,F,80426,8,8,0
L000169,Mr. LEACH,House,IA,M,329881,49,29,1
S000607,Mr. SMITH of Oregon,House,OR,M,51621,2,1,0
B000556,Mr. BLILEY,House,VA,M,255665,11,15,0
S001142,Mr. GORDON SMITH,Senate,OR,M,819438,95,59,11
K000146,Mr. KERREY,Senate,NE,M,741561,38,29,0
R000258,Mr. RILEY,House,AL,M,60236,13,7,0
W000267,Mr. WELDON of Florida,House,FL,M,435551,54,36,8
D000312,Mr. DICKEY,House,AR,M,50835,23,15,0
H000814,Mr. HOUGHTON,House,NY,M,123141,11,8,0
H000621,Mr. HILLIARD,House,AL,M,71709,22,19,0
H001014,Mr. HUTCHINSON,House,AR,M,120490,3,1,0
P000049,Mr. PAPPAS,House,NJ,M,72920,15,9,0
C000191,Mrs. CARSON,House,IN,F,142491,52,37,2
M000090,Mr. MALONEY of Connecticut,House,CT,M,48329,4,4,0
F000332,Mr. FOX of Pennsylvania,House,PA,M,222732,56,55,1
R000385,Mr. ROEMER,House,IN,M,301809,18,12,0
W000273,Mr. WELLER,House,IL,M,476349,22,16,0
D000222,Mr. DELLUMS,House,CA,M,154847,7,5,0
M000316,Ms. McCARTHY of Missouri,House,MO,F,191722,27,9,2
W000315,Mr. WEYGAND,House,RI,M,71890,2,2,0
P000555,Ms. PRYCE of Ohio,House,OH,F,278346,8,10,1
I000047,Mr. ISTOOK,House,OK,M,273674,221,161,2
H000948,Mr. HULSHOF,House,MO,M,139376,20,21,1
C000722,Mr. COOK,House,UT,M,27022,5,1,0
B000586,Mr. BOEHLERT,House,NY,M,315488,19,17,0
S000112,Mr. BOB SCHAFFER of Colorado,House,CO,M,613947,253,154,5
C000345,Mrs. CHENOWETH,House,ID,F,161954,115,83,2
G000152,Mr. GIBBONS,House,NV,M,270318,28,28,0
P000323,Mr. PICKERING,House,MS,M,119188,92,66,1
S000051,Mr. SANFORD,House,SC,M,163383,32,26,2
H000615,Mr. HILLEARY,House,TN,M,55242,12,10,0
P000444,Mr. PORTER,House,IL,M,245112,12,11,0
L000556,Mr. LaFALCE,House,NY,M,314005,31,16,0
M000714,Ms. MILLENDER-McDONALD,House,CA,F,314516,35,29,0
M000590,Mr. McNULTY,House,NY,M,73716,31,31,2
M000481,Mr. McINTOSH,House,IN,M,197147,92,78,3
B000518,Mr. BLAGOJEVICH,House,IL,M,41267,8,4,0
H000762,Ms. HOOLEY of Oregon,House,OR,F,160959,5,3,1
G000536,Mr. GUTKNECHT,House,MN,M,493456,79,64,2
C000100,Mr. CAMPBELL,House,CA,M,123874,39,28,1
G000439,Mr. GREENWOOD,House,PA,M,133192,14,16,0
A000357,Mr. ALLEN,House,ME,M,285607,6,5,0
L000293,Mr. LEWIS of Kentucky,House,KY,M,126923,25,6,0
H000807,Mr. HOSTETTLER,House,IN,M,88529,37,25,0
S001144,Mr. SHAYS,House,CT,M,606163,109,85,0
C000052,Mr. CALLAHAN,House,AL,M,205684,18,11,0
H000074,Mr. HALL of Ohio,House,OH,M,273010,51,30,0
C000830,Mr. COX of California,House,CA,M,331008,74,74,0
N000159,Mr. NORWOOD,House,GA,M,215528,14,11,0
C001034,Mr. CLELAND,Senate,GA,M,358956,102,81,2
S000606,Mr. SMITH of New Hampshire,Senate,NH,M,1060298,195,158,1
C000503,Mr. CLEMENT,House,TN,M,128450,65,46,0
M000720,Mr. MILLER of Florida,House,FL,M,155772,3,3,0
S000106,Mr. SCARBOROUGH,House,FL,M,248526,119,94,0
D000275,Mr. DEUTSCH,House,FL,M,176253,13,10,0
T000253,Mrs. THURMAN,House,FL,F,149464,16,15,0
T000317,Mr. TORRICELLI,Senate,NJ,M,521896,18,15,0
N000172,Mr. NUSSLE,House,IA,M,274721,12,15,0
S000453,Mr. SISISKY,House,VA,M,36276,6,5,0
S000303,Mr. SHAW,House,FL,M,324736,27,22,0
M000117,Mr. MANTON,House,NY,M,74457,7,5,2
N000081,Mr. NEY,House,OH,M,252050,31,24,0
W000391,Mr. WHITE,House,WA,M,38981,1,1,0
C000494,Mrs. CLAYTON,House,NC,F,387024,66,60,3
P000326,Mr. PICKETT,House,VA,M,32048,13,11,0
P000148,Mr. PAXON,House,NY,M,33828,1,1,1
B000179,Mr. BARRETT of Nebraska,House,NE,M,71485,81,35,8
H000605,Mr. HILL,House,MT,M,88048,2,2,0
H000789,Mr. HORN,House,CA,M,312709,21,10,0
W000099,Mr. WALSH,House,NY,M,312985,38,31,0
C000735,Mr. COOKSEY,House,LA,M,15525,6,4,0
S001078,Mr. SUNUNU,House,NH,M,201903,7,5,1
G000120,Mr. GEJDENSON,House,CT,M,242108,36,25,0
P000263,Mr. PETERSON of Pennsylvania,House,PA,M,301495,19,17,0
R000566,Mr. RYUN,House,KS,M,69417,24,16,0
C000116,Mr. CANNON,House,UT,M,147095,17,6,1
T000067,Mr. TAYLOR of North Carolina,House,NC,M,119602,63,32,5
R000281,Ms. RIVERS,House,MI,F,52365,3,3,0
B000177,Mr. BARRETT of Wisconsin,House,WI,M,130497,30,13,0
D000429,Mr. DOOLITTLE,House,CA,M,203808,36,23,0
P000171,Mr. PEASE,House,IN,M,16330,4,3,0
S001004,Mr. STRICKLAND,House,OH,M,223632,17,13,4
D000424,Mr. DOOLEY,House,CA,M,92396,0,0,0
M000795,Mr. MINGE,House,MN,M,108770,0,0,0
D000114,Mr. DAVIS of Florida,House,FL,M,133153,5,6,0
P000066,Mr. PARKER,House,MS,M,30895,9,4,0
M000523,Ms. MCKINNEY,House,GA,F,193193,21,21,0
K000306,Mr. KOLBE,House,AZ,M,417960,18,25,0
J000070,Mr. JEFFERSON,House,LA,M,87544,22,20,0
E000187,Mr. ENGLISH of Pennsylvania,House,PA,M,230869,35,19,0
H000448,Mr. HEFNER,House,NC,M,65330,28,22,0
C000653,Mr. COMBEST,House,TX,M,96150,5,2,0
B000996,Mr. BRYANT,House,TN,M,92890,4,2,0
B000229,Mr. BATEMAN,House,VA,M,53791,11,19,0
L000521,Mr. LUTHER,House,MN,M,45119,1,1,0
H000444,Mr. HEFLEY,House,CO,M,203588,11,11,1
S000018,Mr. SALMON,House,AZ,M,105854,17,14,0
L000096,Mr. LARGENT,House,OK,M,66570,196,97,12
B000028,Mr. BAESLER,House,KY,M,25336,1,1,0
H000172,Mr. HANSEN,House,UT,M,274113,54,29,1
E000268,Mr. EVERETT,House,AL,M,116886,28,18,0
S000587,Mrs. LINDA SMITH of Washington,House,WA,F,82016,3,3,0
K000181,Mr. KIM,House,CA,M,90654,8,8,0
C000640,Mr. COLLINS,House,GA,M,148610,156,111,11
M000212,Mr. MASCARA,House,PA,M,33686,3,4,0
F000184,Mr. FLAKE,House,NY,M,34455,18,8,0
C000868,Mr. CRAMER,House,AL,M,111431,13,12,0
S000463,Mr. SKEEN,House,NM,M,73410,9,8,0
M000388,Mr. McCRERY,House,LA,M,143916,1,1,0
W000194,Mr. WATKINS,House,OK,M,35165,18,8,1
J000082,Mr. JENKINS,House,TN,M,16958,4,3,0
P000419,Mr. POMBO,House,CA,M,168627,8,8,0
J000149,Mr. JOHNSON of Wisconsin,House,WI,M,15300,2,1,0
G000280,Mr. GOODE,House,VA,M,47839,12,11,0
M000399,Mr. McDADE,House,PA,M,31602,7,2,0
R000567,Mr. REDMOND,House,NM,M,19463,11,5,0
J000110,Mr. JOHN,House,LA,M,46012,4,4,0
R000459,Mr. ROTH,House,WI,M,112439,10,11,0
K000274,Mr. KLUG,House,WI,M,52667,1,1,0
R000141,Mr. REGULA,House,OH,M,310007,13,8,3
D000046,Ms. DANNER,House,MO,F,23241,2,2,1
F000440,Mr. FOSSELLA,House,NY,M,135324,26,18,0
W000789,Ms. WILSON,House,NM,F,189453,11,15,0
P000589,Mr. PORTER,House,NV,M,238319,33,18,0
G000545,Mr. GREEN of Wisconsin,House,WI,M,109579,26,14,0
K000358,Mr. KENNEDY of Minnesota,House,MN,M,100979,28,21,0
T000458,Mr. TANCREDO,House,CO,M,809710,158,122,0
E000287,Mr. EMANUEL,House,IL,M,405446,28,27,1
F000443,Mr. FERGUSON,House,NJ,M,56399,7,7,0
J000284,Mrs. JONES of Ohio,House,OH,F,353440,97,70,4
C001042,Mr. CORZINE,Senate,NJ,M,592843,16,11,0
M001152,Mrs. MUSGRAVE,House,CO,F,110618,84,68,2
R000569,Mr. REYNOLDS,House,NY,M,187394,6,6,0
K000361,Mr. KELLER,House,FL,M,116036,10,8,0
D000605,Mrs. DRAKE,House,VA,F,77626,9,4,0
J000287,Mr. JINDAL,House,LA,M,40428,10,8,0
D000596,Mr. DAYTON,Senate,MN,M,380247,85,56,8
O000167,Mr. OBAMA,Senate,US,M,341017,7,3,0
A000121,Mr. ALLEN,Senate,VA,M,381831,85,85,0
H001033,Ms. HART,House,PA,F,111296,19,16,0
O000165,Mr. OSBORNE,House,NE,M,243230,34,26,0
C001057,Mr. COLEMAN,Senate,MN,M,386309,76,61,1
S001149,Mr. SWEENEY,House,NY,M,110856,4,3,0
C001052,Mr. CHOCOLA,House,IN,M,59116,3,4,0
H001035,Ms. HARRIS,House,FL,F,33287,5,5,0
C001040,Mr. CHAFEE,Senate,RI,M,104603,4,4,0
S001160,Mr. SODREL,House,IN,M,11339,8,0,0
D000601,Mrs. DOLE,Senate,NC,F,122155,82,53,2
F000451,Mr. FITZPATRICK,House,PA,M,166270,21,16,0
B001240,Mr. BEAUPREZ,House,CO,M,64302,27,21,0
F000447,Mr. FEENEY,House,FL,M,103451,28,21,0
B001246,Mr. BRADLEY of New Hampshire,House,NH,M,45564,2,2,0
K000364,Mr. KUHL of New York,House,NY,M,32581,1,1,0
F000452,Mr. FORTUNO,House,PR,M,16710,3,2,0
R000574,Mr. RENZI,House,AZ,M,71697,15,13,0
H001029,Mr. HAYES,House,NC,M,158226,61,56,0
S001152,Mr. SIMMONS,House,CT,M,125454,30,20,0
O000166,Mr. OTTER,House,ID,M,93607,30,24,0
P000588,Mr. PEARCE,House,NM,M,347925,53,43,2
D000597,Mrs. JO ANN DAVIS of Virginia,House,VA,F,90290,34,30,0
S001161,Mr. SCHWARZ of Michigan,House,MI,M,11189,1,1,0
S001146,Mr. SHERWOOD,House,PA,M,37464,7,6,0
S001166,Ms. SEKULA GIBBS,House,TX,F,6347,1,1,0
D000612,Mr. DENHAM,House,CA,M,181324,49,32,0
B001283,Mr. BRIDENSTINE,House,OK,M,29844,14,7,0
B001273,Mrs. BLACK,House,TN,F,99673,23,15,1
T000475,Mr. TROTT,House,MI,M,23810,4,3,1
P000611,Mr. POLIQUIN,House,ME,M,37118,12,11,0
M001189,Mr. MESSER,House,IN,M,109307,183,178,2
H001063,Ms. HAHN,House,CA,F,86033,61,36,3
G000570,Mr. GUINTA,House,NH,M,48721,3,1,0
H001060,Mr. HURT of Virginia,House,VA,M,39813,4,4,0
H001059,Mr. HULTGREN,House,IL,M,92135,113,45,3
H001069,Ms. HEITKAMP,Senate,ND,F,241218,17,20,0
N000127,Mr. NOLAN,House,MN,M,76002,3,3,0
B001271,Mr. BENISHEK,House,MI,M,62134,9,7,0
C001106,Mr. COSTELLO of Pennsylvania,House,PA,M,54794,4,4,0
D000613,Mr. DOLD,House,IL,M,128141,9,3,0
R000598,Mr. ROTHFUS,House,PA,M,135107,70,65,2
C001107,Mr. CURBELO of Florida,House,FL,M,61138,11,8,0
E000291,Mrs. ELLMERS,House,NC,F,55394,13,15,0
G000575,Ms. GRAHAM,House,FL,F,13250,1,3,0
L000580,Ms. MICHELLE LUJAN GRISHAM of New Mexico,House,NM,F,95203,2,2,0
B001293,Mr. BISHOP of Michigan,House,MI,M,32738,5,3,1
E000293,Ms. ESTY,House,CT,F,101582,2,4,0
J000297,Mr. JENKINS of West Virginia,House,WV,M,36364,14,14,0
C001083,Mr. CARNEY,House,DE,M,30010,2,2,0
L000584,Mrs. LOVE,House,UT,F,12880,3,2,0
Y000063,Mr. YODER,House,KS,M,69671,30,23,0
W000820,Mrs. MIMI WALTERS of California,House,CA,F,26469,3,2,0
P000606,Mr. PITTENGER,House,NC,M,46727,99,67,1
F000460,Mr. FARENTHOLD,House,TX,M,91597,11,7,0
H001051,Mr. HANNA,House,NY,M,25925,0,0,0
C001105,Mrs. COMSTOCK,House,VA,F,152276,44,23,0
R000604,Mr. RUSSELL,House,OK,M,81395,123,60,43
J000296,Mr. JOLLY,House,FL,M,72972,58,49,0
F000458,Mr. FINCHER,House,TN,M,38403,7,7,0
O000170,Mr. O'ROURKE,House,TX,M,80586,3,3,0
A000373,Mr. ASHFORD,House,NE,M,14110,1,1,0
B001269,Mr. BARLETTA,House,PA,M,139111,15,7,0
D000621,Mr. DeSANTIS,House,FL,M,53991,11,9,0
R000593,Mr. ROSS,House,FL,M,48964,11,11,0
G000564,Mr. GIBSON,House,NY,M,57074,40,26,1
H001055,Mr. HECK of Nevada,House,NV,M,41932,3,3,0
R000587,Mr. RIBBLE,House,WI,M,36114,18,8,1
A000368,Ms. AYOTTE,Senate,NH,F,253189,12,11,0
M001182,Mr. MULVANEY,House,SC,M,56641,0,0,0
M001191,Mr. MURPHY of Florida,House,FL,M,40800,3,3,0
G000566,Mr. GOWDY,House,SC,M,37601,10,6,0
R000592,Mr. ROKITA,House,IN,M,122342,35,22,2
M001193,Mr. MacARTHUR,House,NJ,M,25516,1,1,0
Y000066,Mr. YOUNG of Iowa,House,IA,M,300176,31,26,0
P000602,Mr. POMPEO,House,KS,M,42771,8,6,1
H001057,Mr. HUELSKAMP,House,KS,M,52569,16,15,0
T000473,Mr. TAKAI,House,HI,M,13840,0,0,0
N000184,Mrs. NOEM,House,SD,F,53942,31,27,2
B001290,Mr. BRAT,House,VA,M,18589,12,12,0
N000185,Mr. NUGENT,House,FL,M,100283,16,15,0
C001102,Mr. CLAWSON,House,FL,M,9358,2,2,0
K000387,Mr. KNIGHT,House,CA,M,23476,2,2,0
H001070,Mr. HARDY,House,NV,M,16796,0,0,0
M001181,Mr. MEEHAN,House,PA,M,80855,2,0,0
D000620,Mr. DELANEY,House,MD,M,30176,2,2,0
Z000018,Mr. ZINKE,House,MT,M,24642,8,7,0
R000589,Mr. RIGELL,House,VA,M,53070,51,36,1
L000573,Mr. LABRADOR,House,ID,M,18686,0,0,0
R000586,Mr. RENACCI,House,OH,M,29379,1,3,0
B001294,Mr. BLUM,House,IA,M,27119,0,0,0
D000625,Mr. DONOVAN,House,NY,M,42015,4,3,1
H001050,Ms. HANABUSA,House,HI,F,71449,2,0,0
F000442,Mr. FITZGERALD,Senate,IL,M,207836,23,20,0
E000286,Mr. EDWARDS,Senate,NC,M,301376,12,14,0
S001147,Mr. SHOWS,House,MS,M,67785,22,20,1
P000584,Mr. PHELPS,House,IL,M,51588,16,14,0
O000164,Mr. OSE,House,CA,M,103923,13,6,0
H001031,Mr. HOEFFEL,House,PA,M,132323,4,4,0
K000357,Mr. KUYKENDALL,House,CA,M,29684,3,2,0
L000558,Mr. LUCAS of Kentucky,House,KY,M,14722,4,4,0
F000441,Mr. FLETCHER,House,KY,M,68456,6,5,0
M001141,Mr. MILLER,Senate,GA,M,73855,28,14,0
B001276,Ms. BUERKLE,House,NY,F,33064,3,1,0
C001082,Mr. CANSECO,House,TX,M,15991,0,0,0
W000807,Mr. WEST,House,FL,M,52264,7,5,0
H001054,Ms. HAYWORTH,House,NY,F,17765,5,2,0
S001186,Mr. SOUTHERLAND,House,FL,M,12540,7,9,0
N000186,Mr. NUNNELEE,House,MS,M,26688,15,12,1
W000811,Mr. WALSH of Illinois,House,IL,M,4412,0,0,0
R000590,Mr. RIVERA,House,FL,M,11847,2,2,0
R000594,Mr. RUNYAN,House,NJ,M,21487,2,2,0
A000366,Mrs. ADAMS,House,FL,F,13486,0,0,0
Q000024,Mr. QUAYLE,House,AZ,M,17757,0,0,0
G000567,Mr. GRIFFIN of Arkansas,House,AR,M,59762,14,7,0
G000569,Mr. GRIMM,House,NY,M,36311,12,8,1
L000574,Mr. LANDRY,House,LA,M,16470,5,4,0
B001272,Mr. BERG,House,ND,M,12246,4,4,0
C001085,Mr. CLARKE of Michigan,House,MI,M,28872,4,6,0
S001182,Mr. SCHILLING,House,IL,M,16493,2,3,0
C001086,Mr. CRAVAACK,House,MN,M,15296,3,2,0
H001062,Ms. HOCHUL,House,NY,F,15436,0,0,0
T000471,Mr. TURNER of New York,House,NY,M,5077,0,0,0
B001279,Mr. BARBER,House,AZ,M,33726,4,2,0
C001089,Mr. CURSON of Michigan,House,MI,M,4215,1,1,0
B001280,Mr. BENTIVOLIO,House,MI,M,40892,21,45,0
E000292,Mr. ENYART,House,IL,M,27443,2,0,0
G000573,Mr. GARCIA,House,FL,M,26394,5,6,0
R000596,Mr. RADEL,House,FL,M,8031,2,3,0
S000937,Mr. STOCKMAN,House,TX,M,32142,16,7,0
G000572,Mr. GALLEGO,House,TX,M,31990,7,6,0
C001099,Mr. COWAN,Senate,MA,M,9469,0,0,0
W000818,Mr. WALSH,House,MT,M,19964,4,1,0
C001100,Mr. CHIESA,Senate,NJ,M,5012,0,0,0
M001192,Mr. McALLISTER,House,LA,M,4054,0,0,0
G000547,Mr. GRUCCI,House,NY,M,29240,10,10,0
C001043,Mrs. CARNAHAN,Senate,MO,F,99828,5,3,0
K000359,Mr. KERNS,House,IN,M,7438,10,10,0
S001151,Mr. SCHROCK,House,VA,M,29388,17,10,0
A000359,Mr. ACEVEDO-VILA,House,PR,M,36524,3,2,0
C001044,Mr. CARSON of Oklahoma,House,OK,M,17910,2,2,0
B001237,Mr. BARKLEY,Senate,MN,M,1920,0,0,0
E000174,Mr. EMERSON,House,MO,M,67482,173,76,27
F000111,Mr. FIELDS of Texas,House,TX,M,70716,13,13,1
C000523,Mr. CLINGER,House,PA,M,119863,0,0,0
C000621,Mr. COLEMAN,House,TX,M,77249,0,0,0
B000997,Mr. BRYANT of Texas,House,TX,M,73066,2,1,0
H000707,Mr. HOKE,House,OH,M,162329,15,12,0
P000259,Mr. PETERSON of Florida,House,FL,M,57213,17,10,0
Q000013,Mr. QUILLEN,House,TN,M,24681,11,10,0
C000377,Mr. CHRISTENSEN,House,NE,M,41109,1,2,0
V000112,Mr. VOLKMER,House,MO,M,142698,3,0,0
D000401,Mr. DOLE,Senate,KS,M,643398,13,14,1
H000343,Mr. HATFIELD,Senate,OR,M,261944,34,25,0
E000284,Mr. EXON,Senate,NE,M,364797,18,13,0
B001225,Mr. BRADLEY,Senate,NJ,M,202033,9,7,0
P000513,Mr. PRESSLER,Senate,SD,M,448310,8,5,0
F000348,Mr. FRANKS of Connecticut,House,CT,M,18601,4,4,0
C000634,Mrs. COLLINS of Illinois,House,IL,F,174267,5,6,0
C000385,Mr. CHRYSLER,House,MI,M,34364,8,8,0
T000314,Mr. TORKILDSEN,House,MA,M,38411,0,1,0
S000213,Mrs. SEASTRAND,House,CA,F,74146,1,1,0
M000865,Mr. MONTGOMERY,House,MS,M,82231,12,10,0
C000903,Mr. CREMEANS,House,OH,M,2593,0,0,0
Z000008,Mr. ZIMMER,House,NJ,M,25019,0,0,0
S000142,Mrs. SCHROEDER,House,CO,F,312979,12,8,0
O000108,Mr. ORTON,House,UT,M,67393,1,1,0
T000048,Mr. TATE,House,WA,M,36477,0,0,0
J000033,Mr. JACOBS,House,IN,M,48705,30,20,0
G000153,Mr. GIBBONS,House,FL,M,73827,2,1,0
Z000004,Mr. ZELIFF,House,NH,M,23153,1,1,0
B000318,Mr. BEILENSON,House,CA,M,164455,1,1,0
W000520,Mr. WILLIAMS,House,MT,M,54361,1,0,0
F000387,Mr. FRISA,House,NY,M,4093,0,0,0
F000110,Mr. FIELDS of Louisiana,House,LA,M,96187,12,10,0
M000794,Mr. MINETA,House,CA,M,72401,0,0,0
B000576,Mr. BLUTE,House,MA,M,24410,0,0,0
H000445,Mr. HEFLIN,Senate,AL,M,294428,27,15,1
K000017,Mrs. KASSEBAUM,Senate,KS,F,188299,11,7,0
B000919,Mr. BROWN,Senate,CO,M,194273,2,1,0
J000189,Mr. JOHNSTON,Senate,LA,M,196657,5,3,0
G000524,Mr. GUNDERSON,House,WI,M,63758,5,2,1
V000124,Mrs. VUCANOVICH,House,NV,F,41436,1,1,0
C000312,Mr. CHAPMAN,House,TX,M,12288,0,0,0
B000078,Mr. BAKER of California,House,CA,M,37821,7,6,0
L000431,Mr. LONGLEY,House,ME,M,50713,1,0,0
B001063,Mr. BUNN of Oregon,House,OR,M,13373,1,0,0
H000452,Mr. HEINEMAN,House,NC,M,25389,3,3,0
P000193,Mr. PELL,Senate,RI,M,235042,6,7,0
C000598,Mr. COHEN,Senate,ME,M,256805,13,10,0
S000429,Mr. SIMPSON,Senate,WY,M,343570,29,33,0
S000423,Mr. SIMON,Senate,IL,M,629602,91,58,0
P000556,Mr. PRYOR,Senate,AR,M,180503,10,2,0
T000405,Mr. TUCKER,House,CA,M,20038,6,6,0
N000171,Mr. NUNN,Senate,GA,M,399089,14,13,0
P000009,Mr. PACKWOOD,Senate,OR,M,66685,3,3,0
M000207,Mr. MARTINI,House,NJ,M,69233,6,5,0
F000426,Mr. FUNDERBURK,House,NC,M,48645,7,6,0
W000068,Mr. WALKER,House,PA,M,127418,0,2,0
M000926,Mr. MOORHEAD,House,CA,M,35967,1,1,0
T000113,Mr. TEJEDA,House,TX,M,16639,3,3,2
G000408,Mrs. WALDHOLTZ,House,UT,F,32419,0,0,0
H000390,Mr. HAYES,House,LA,M,23966,2,1,0
P000152,Mr. PAYNE of Virginia,House,VA,M,22774,0,0,0
C000737,Mr. COOLEY,House,OR,M,40196,0,0,0
B000817,Mr. BREWSTER,House,OK,M,10298,0,0,0
G000134,Mr. PETE GEREN of Texas,House,TX,M,18028,4,0,0
D000435,Mr. DORNAN,House,CA,M,563357,447,283,15
R000436,Mr. ROSE,House,NC,M,10544,3,2,0
C000633,Miss COLLINS of Michigan,House,MI,F,15540,2,0,0
W000139,Mr. WARD,House,KY,M,40465,3,4,0
W000570,Mr. WILSON,House,TX,M,17125,0,0,0
T000243,Mr. THORNTON,House,AR,M,9496,0,0,0
F000187,Mr. FLANAGAN,House,IL,M,26095,4,4,0
B000897,Mr. BROWDER,House,AL,M,16971,1,1,0
B000622,Mr. BONO,House,CA,M,12178,1,0,0
L000119,Mr. LAUGHLIN,House,TX,M,10274,2,1,0
M001130,Mr. MYERS of Indiana,House,IN,M,37755,1,1,0
J000187,Mr. JOHNSTON of Florida,House,FL,M,16527,0,1,0
F000261,Mr. FORD,House,TN,M,18205,0,0,0
L000305,Mr. LIGHTFOOT,House,IA,M,36939,1,1,0
M000684,Mrs. MEYERS of Kansas,House,KS,F,43426,0,0,0
S001040,Mr. STUDDS,House,MA,M,56269,19,17,0
B000431,Mr. BEVILL,House,AL,M,14596,2,2,0
H000151,Mr. HANCOCK,House,MO,M,14645,6,5,0
R000178,Mr. REYNOLDS,House,IL,M,139,0,0,0
F000351,Mr. FRAZER,House,VI,M,9628,4,3,0
F000438,Mrs. FRAHM,Senate,KS,F,5037,0,0,0
J000307,Mr. JAMES,House,MI,M,9151,0,0,0
C001133,Mr. CISCOMANI,House,AZ,M,8352,1,1,0
L000596,Mrs. LUNA,House,FL,F,6046,0,0,0
J000309,Mr. JACKSON of Illinois,House,IL,M,32941,15,7,0
D000594,Ms. DE LA CRUZ,House,TX,F,788,1,1,0
L000599,Mr. LAWLER,House,NY,M,27363,3,3,0
M001218,Mr. McCORMICK,House,GA,M,21527,7,7,0
C001129,Mr. COLLINS,House,GA,M,12501,0,0,0
M001216,Mr. MILLS,House,FL,M,8216,4,3,0
G000599,Mr. GOLDMAN of New York,House,NY,M,13690,0,0,0
S001221,Ms. SCHOLTEN,House,MI,F,7383,2,2,0
K000401,Mr. KILEY,House,CA,M,64561,0,0,0
W000828,Mr. WILLIAMS of New York,House,NY,M,7532,0,0,0
B001314,Mr. BEAN of Florida,House,FL,M,14606,4,2,0
B001318,Ms. BALINT,House,VT,F,11350,0,0,0
M001224,Mr. MORAN,House,TX,M,12011,11,7,0
P000620,Ms. PETTERSEN,House,CO,F,15836,5,0,0
S001223,Mrs. SYKES,House,OH,F,11351,3,2,0
D000530,Mr. DELUZIO,House,PA,M,3759,0,0,0
H001096,Ms. HAGEMAN,House,WY,F,26705,2,1,0
F000476,Mr. FROST,House,FL,M,9378,5,5,0
H001093,Mrs. HOUCHIN,House,IN,F,13208,1,1,0
K000400,Ms. KAMLAGER-DOVE,House,CA,F,21611,5,4,0
L000600,Mr. LANGWORTHY,House,NY,M,25506,6,6,0
M001226,Mr. MENENDEZ,House,NJ,M,5065,5,2,0
T000488,Mr. THANEDAR,House,MI,M,2544,0,0,0
N000194,Mr. NICKEL,House,NC,M,13372,0,0,0
S001225,Mr. SORENSEN,House,IL,M,3891,0,0,0
D000230,Mr. DAVIS of North Carolina,House,NC,M,13783,4,6,0
L000601,Mr. LANDSMAN,House,OH,M,5774,2,0,0
M001220,Mr. McGARVEY,House,KY,M,11220,0,0,0
O000175,Mr. OGLES,House,TN,M,26852,3,2,0
T000487,Ms. TOKUDA,House,HI,F,13687,0,0,0
N000193,Mr. NUNN,House,IA,M,8596,0,0,0
L000603,Mr. LUTTRELL,House,TX,M,3181,0,0,0
M001222,Mr. MILLER of Ohio,House,OH,M,9247,2,2,0
S001222,Mr. SANTOS,House,NY,M,21920,3,4,0
D000632,Mr. D'ESPOSITO,House,NY,M,13354,2,2,0
G000598,Mr. ROBERT GARCIA of California,House,CA,M,9947,1,1,0
L000598,Mr. LaLOTA,House,NY,M,3841,0,0,0
G000600,Ms. PEREZ,House,WA,F,9206,0,0,0
H001094,Ms. HOYLE of Oregon,House,OR,F,3904,0,0,0
S001226,Ms. SALINAS,House,OR,F,6751,0,0,0
M001223,Mr. MAGAZINER,House,RI,M,8476,0,2,0
V000136,Mr. VASQUEZ,House,NM,M,6606,1,1,0
M001221,Mr. MOLINARO,House,NY,M,10895,1,1,0
E000235,Mr. EZELL,House,MS,M,1464,0,0,0
J000308,Mr. JACKSON of North Carolina,House,NC,M,2304,0,0,0
A000379,Mr. ALFORD,House,MO,M,9968,9,9,0
B001315,Ms. BUDZINSKI,House,IL,F,3670,0,0,0
C001130,Ms. CROCKETT,House,TX,F,9015,5,5,0
K000399,Mrs. KIGGANS of Virginia,House,VA,F,11539,3,2,0
M001219,Mr. MOYLAN,House,GU,M,9806,8,7,0
C001135,Mrs. CHAVEZ-DeREMER,House,OR,F,1509,0,0,0
M001217,Mr. MOSKOWITZ,House,FL,M,6293,0,0,0
B001316,Mr. BURLISON,House,MO,M,9320,1,0,0
C001134,Ms. CARAVEO,House,CO,F,1507,0,0,0
C001131,Mr. CASAR,House,TX,M,3887,1,0,0
E000246,Mr. EDWARDS,House,NC,M,4920,1,1,0
I000058,Mr. IVEY,House,MD,M,6468,6,2,0
L000597,Ms. LEE of Florida,House,FL,F,3391,0,0,0
F000478,Mr. FRY,House,SC,M,5955,1,0,0
S001224,Mr. SELF,House,TX,M,7096,11,8,0
K000398,Mr. KEAN of New Jersey,House,NJ,M,3528,2,1,0
R000617,Mrs. RAMIREZ,House,IL,F,9306,2,2,0
D000633,Mr. DUARTE,House,CA,M,7684,0,0,0
M001227,Mrs. McCLELLAN,House,VA,F,9412,1,0,0
L000602,Ms. LEE of Pennsylvania,House,PA,F,6440,1,0,0
B001317,Mr. BRECHEEN,House,OK,M,7021,1,1,0
R000618,Mr. RICKETTS,Senate,NE,M,12998,3,4,0
S001220,Mr. STRONG,House,AL,M,3896,0,0,0
S001227,Mr. SCHMITT,Senate,MO,M,12496,6,7,0
C001132,Mr. CRANE,House,AZ,M,4946,0,0,0
M001225,Mr. MULLIN,House,CA,M,1849,0,0,0
V000137,Mr. VANCE,Senate,OH,M,10293,3,3,0
F000477,Mrs. FOUSHEE,House,NC,F,1123,0,0,0
H001095,Mr. HUNT,House,TX,M,1268,0,0,0
B001319,Mrs. BRITT,Senate,AL,F,1638,0,0,0
F000479,Mr. FETTERMAN,Senate,PA,M,271,0,0,0
A000380,Mr. AMO,House,RI,M,316,0,0,0
M001164,Mr. MAHONEY of Florida,House,FL,M,32163,5,4,0
D000606,Mr. DAVID DAVIS of Tennessee,House,TN,M,49267,17,12,2
S001167,Mr. SALI,House,ID,M,51678,50,34,9
B001258,Mrs. BOYDA of Kansas,House,KS,F,38316,17,15,2
C001073,Mr. CAZAYOUX,House,LA,M,4986,0,0,0
M001145,Ms. MAJETTE,House,GA,F,26382,8,7,0
B001249,Mr. BURNS,House,GA,M,44345,9,6,0
B001241,Mr. BELL,House,TX,M,24384,1,1,0
B001238,Mr. BALLANCE,House,NC,M,16909,4,1,0
J000286,Mr. JANKLOW,House,SD,M,6375,2,2,0
F000464,Mr. FASO,House,NY,M,37755,14,12,0
G000580,Mr. GARRETT,House,VA,M,47752,25,17,1
T000477,Mr. TAYLOR,House,VA,M,17611,7,6,0
L000587,Mr. LEWIS of Minnesota,House,MN,M,15467,1,1,0
K000390,Mr. KIHUEN,House,NV,M,22545,3,2,0
H001078,Mrs. HANDEL,House,GA,F,6226,4,4,0
S001202,Mr. STRANGE,Senate,AL,M,7639,3,1,0
J000303,Ms. JONES of Michigan,House,MI,F,1689,18,4,0
